CustomerID,TotalQuantity,TotalSpending,Cluster
12346,74215,77183.6,3
12347,2458,4310.0,1
12348,2341,1797.24,1
12349,631,1757.55,1
12350,197,334.4,1
12352,536,2506.04,1
12353,20,89.0,1
12354,530,1079.4,1
12355,240,459.4,1
12356,1591,2811.43,1
12357,2708,6207.67,1
12358,248,1168.06,1
12359,1609,6310.03,1
12360,1165,2662.06,1
12361,91,189.9,1
12362,2229,5226.23,1
12363,408,552.0,1
12364,1506,1313.1,1
12365,174,641.38,1
12367,173,168.9,1
12370,2352,3541.94,1
12371,591,1887.96,1
12372,794,1298.04,1
12373,197,364.6,1
12374,342,742.93,1
12375,178,457.5,1
12377,944,1628.12,1
12378,2529,4008.62,1
12379,407,852.24,1
12380,1127,2724.81,1
12381,808,1845.31,1
12383,1532,1850.56,1
12384,126,585.27,1
12386,354,401.9,1
12388,1462,2780.66,1
12390,353,549.84,1
12391,293,439.66,1
12393,816,1582.6,1
12394,819,1272.48,1
12395,2118,3018.63,1
12397,1263,2409.9,1
12398,1394,1635.66,1
12399,1178,1108.65,1
12401,11,84.3,1
12402,94,225.6,1
12403,96,427.7,1
12405,857,1710.39,1
12406,1818,3415.3,1
12407,1416,1708.12,1
12408,1409,2888.55,1
12409,5551,11072.67,1
12410,211,693.33,1
12412,829,1226.88,1
12413,286,758.1,1
12414,300,562.41,1
12415,77374,124914.53,2
12417,1552,3649.1,1
12418,407,668.58,1
12420,345,600.39,1
12421,484,807.04,1
12422,370,803.56,1
12423,1339,1859.31,1
12424,740,1760.96,1
12425,496,777.2,1
12426,258,582.73,1
12427,533,825.8,1
12428,3536,7956.46,1
12429,1557,3750.4,1
12430,117,256.4,1
12431,2896,6419.95,1
12432,1801,5059.32,1
12433,11071,13375.87,1
12434,394,806.14,1
12435,2055,7829.89,1
12436,211,509.01,1
12437,2922,4951.41,1
12438,1180,2906.85,1
12441,121,173.55,1
12442,182,172.06,1
12444,1153,5005.46,1
12445,62,133.4,1
12446,351,1002.31,1
12447,190,476.49,1
12448,243,449.45,1
12449,1553,4067.29,1
12450,128,197.88,1
12451,6575,9035.52,1
12452,185,430.57,1
12453,473,707.09,1
12454,1006,3528.34,1
12455,2089,2466.86,1
12456,1633,3181.04,1
12457,843,2363.23,1
12458,506,947.4,1
12461,287,826.88,1
12462,536,1189.59,1
12463,776,1344.78,1
12464,112,1212.05,1
12465,479,742.19,1
12468,366,729.54,1
12471,8200,19788.65,1
12472,4148,6572.11,1
12473,2414,3928.05,1
12474,4833,7324.09,1
12475,535,723.38,1
12476,2408,6816.42,1
12477,3653,13219.74,1
12478,236,680.99,1
12479,385,527.2,1
12480,1707,3281.63,1
12481,3294,5579.82,1
12483,1110,2484.98,1
12484,2187,4527.32,1
12488,529,1298.66,1
12489,105,334.93,1
12490,3064,5417.93,1
12491,260,460.4,1
12492,192,263.21,1
12493,207,433.74,1
12494,707,1246.1,1
12497,1236,1043.1,1
12498,159,403.7,1
12500,2678,4257.82,1
12501,1783,2169.39,1
12502,820,3723.87,1
12504,90,482.05,1
12506,23,73.5,1
12507,894,1304.81,1
12508,271,397.88,1
12509,55,176.5,1
12510,353,982.57,1
12512,96,132.18,1
12513,462,612.29,1
12514,440,1017.68,1
12515,131,383.7,1
12516,875,1312.06,1
12517,1361,2481.6,1
12518,1318,2056.89,1
12519,175,330.84,1
12520,1439,2634.26,1
12521,309,599.68,1
12522,194,192.72,1
12523,865,1789.77,1
12524,3699,4485.72,1
12526,632,1316.66,1
12527,234,348.71,1
12528,756,1933.48,1
12530,913,1662.28,1
12531,45,125.22,1
12532,153,349.83,1
12534,651,1089.18,1
12535,219,716.35,1
12536,2803,12601.83,1
12538,191,363.95,1
12539,2067,5568.35,1
12540,6685,13400.24,1
12541,680,981.18,1
12544,136,372.7,1
12545,523,1000.39,1
12546,633,1161.5,1
12547,134,207.8,1
12548,49,95.2,1
12550,569,964.83,1
12551,100,168.0,1
12552,88,437.82,1
12553,1965,3692.28,1
12556,355,599.56,1
12557,4384,11990.96,1
12558,196,269.96,1
12559,283,561.71,1
12560,1110,2134.01,1
12561,177,238.85,1
12562,1779,3781.74,1
12564,133,456.9,1
12565,80,145.92,1
12566,265,351.65,1
12567,4305,9401.28,1
12569,1801,4124.69,1
12571,523,519.61,1
12572,452,1020.42,1
12573,84,160.54,1
12574,61,218.45,1
12576,967,1315.83,1
12577,469,626.6,1
12578,1196,2794.51,1
12579,285,440.42,1
12580,238,415.7,1
12581,161,197.71,1
12582,300,511.36,1
12583,5060,7281.38,1
12584,416,2338.15,1
12585,1279,2040.1,1
12586,79,196.94,1
12587,51,144.0,1
12588,53,214.9,1
12589,306,646.68,1
12590,4283,9864.26,1
12591,228,452.85,1
12592,290,437.6,1
12593,206,418.1,1
12594,1777,3338.22,1
12596,474,618.27,1
12597,2236,3811.22,1
12598,1964,3023.08,1
12599,956,1032.58,1
12600,774,2599.04,1
12601,245,577.06,1
12602,162,153.12,1
12603,63,739.2,1
12604,201,254.18,1
12607,1228,1579.51,1
12609,648,1126.85,1
12610,1049,2099.54,1
12611,846,1193.32,1
12612,262,704.04,1
12613,1644,3344.38,1
12614,76,315.6,1
12615,1376,2291.19,1
12616,284,713.3,1
12617,210,352.98,1
12618,96,177.31,1
12619,3378,3641.24,1
12620,1181,1339.41,1
12621,7440,13689.67,1
12622,69,180.1,1
12623,191,305.1,1
12624,355,641.13,1
12625,1612,2683.82,1
12626,3453,6620.48,1
12627,2752,4478.53,1
12628,448,786.46,1
12630,548,1270.88,1
12631,236,640.5,1
12633,1162,2163.98,1
12635,1172,1689.18,1
12637,2994,6002.9,1
12638,577,671.69,1
12639,201,486.1,1
12640,311,1174.58,1
12641,72,185.9,1
12642,552,1013.26,1
12643,1808,3344.64,1
12644,325,477.91,1
12645,1084,1775.18,1
12646,897,1346.97,1
12647,1431,3722.82,1
12648,160,318.05,1
12649,586,623.51,1
12650,254,314.44,1
12651,78,114.0,1
12652,505,919.98,1
12653,919,2209.85,1
12654,264,601.98,1
12656,1723,4051.17,1
12657,1044,1643.18,1
12658,320,686.05,1
12659,105,91.68,1
12660,127,245.1,1
12662,2058,3849.78,1
12664,1203,4881.88,1
12665,37,63.0,1
12667,395,620.13,1
12668,1634,3807.15,1
12669,1115,2744.03,1
12670,1397,2996.05,1
12672,78,225.9,1
12673,351,610.52,1
12674,1133,1970.6,1
12676,670,1331.39,1
12678,10923,17628.46,1
12679,554,1113.02,1
12680,443,862.81,1
12681,7536,13787.54,1
12682,5555,12279.82,1
12683,4987,8476.57,1
12684,1985,2283.63,1
12685,1523,2863.08,1
12686,107,89.14,1
12688,3028,4873.81,1
12689,628,1247.61,1
12690,106,389.01,1
12691,394,1035.8,1
12693,255,855.91,1
12694,509,869.67,1
12695,220,582.1,1
12697,508,957.59,1
12700,2967,4939.99,1
12701,678,797.71,1
12702,53,219.0,1
12703,164,283.55,1
12704,1006,2340.84,1
12705,3997,6868.29,1
12707,256,603.42,1
12708,1307,2712.91,1
12709,3912,9706.52,1
12710,851,1149.02,1
12712,1062,4396.13,1
12713,508,848.55,1
12714,3069,4708.86,1
12715,192,343.36,1
12716,708,1053.49,1
12717,506,1030.98,1
12718,203,238.25,1
12719,374,644.95,1
12720,4672,5781.73,1
12721,1959,2656.13,1
12722,566,997.63,1
12723,434,725.07,1
12724,445,1031.41,1
12725,164,427.8,1
12726,3143,2609.1,1
12727,2098,3980.7,1
12728,419,836.33,1
12729,233,453.01,1
12731,8437,18895.91,1
12732,111,236.26,1
12733,137,383.95,1
12734,88,110.4,1
12735,368,779.57,1
12736,173,234.0,1
12738,148,155.35,1
12739,486,1013.04,1
12740,342,427.6,1
12743,315,540.13,1
12744,5241,21279.29,1
12747,1275,4196.01,1
12748,25287,33053.19,3
12749,1471,4090.88,1
12750,137,275.88,1
12752,2262,4366.78,1
12753,11421,21429.39,1
12754,6481,3010.74,1
12755,1491,3811.95,1
12756,144,112.08,1
12757,2395,7834.65,1
12758,2135,2791.59,1
12759,902,1531.44,1
12762,1227,1898.52,1
12763,316,494.08,1
12764,386,1693.88,1
12766,3646,6989.63,1
12769,356,1143.6,1
12770,743,1351.45,1
12772,556,892.47,1
12775,877,1386.04,1
12778,825,822.23,1
12779,2024,3981.36,1
12781,671,826.74,1
12782,1086,2330.92,1
12783,624,2225.91,1
12784,280,532.82,1
12785,131,311.95,1
12787,261,463.66,1
12789,4,91.85,1
12790,166,324.92,1
12791,97,192.6,1
12792,217,400.54,1
12793,295,545.48,1
12794,592,860.41,1
12795,68,430.48,1
12797,118,254.03,1
12798,5256,6977.04,1
12802,314,427.58,1
12808,188,483.65,1
12809,220,489.31,1
12811,230,514.85,1
12812,164,229.64,1
12814,49,125.92,1
12815,379,1063.46,1
12816,128,572.2,1
12817,53,166.04,1
12818,929,1542.08,1
12820,722,942.34,1
12821,70,92.72,1
12822,550,948.88,1
12823,230,1759.5,1
12824,232,397.12,1
12826,1058,1474.72,1
12827,197,430.15,1
12828,494,1018.71,1
12829,376,293.0,1
12830,9848,6814.64,1
12831,135,215.05,1
12832,195,383.03,1
12833,156,417.38,1
12834,110,312.38,1
12836,1062,2610.36,1
12837,24,134.1,1
12838,355,671.95,1
12839,3807,5591.42,1
12840,1511,2726.77,1
12841,2720,3991.58,1
12842,547,1118.99,1
12843,781,1702.26,1
12844,125,325.96,1
12845,204,354.09,1
12847,873,843.64,1
12849,597,1010.29,1
12851,106,131.81,1
12852,149,311.55,1
12853,800,1957.1,1
12854,626,1316.25,1
12855,30,38.1,1
12856,1076,2170.78,1
12857,343,1106.4,1
12863,188,521.2,1
12864,216,147.12,1
12865,925,1568.23,1
12866,171,559.12,1
12867,4284,4009.34,1
12868,928,1607.06,1
12871,200,380.64,1
12872,319,599.97,1
12873,128,374.0,1
12875,2019,343.23,1
12876,1941,2218.02,1
12877,1178,1535.77,1
12878,547,854.99,1
12879,370,573.22,1
12881,21,298.0,1
12882,246,1463.04,1
12883,196,703.47,1
12884,43,309.05,1
12885,655,1175.22,1
12886,770,1378.4,1
12888,76,354.12,1
12890,256,376.72,1
12891,950,331.0,1
12893,90,176.55,1
12895,210,372.8,1
12897,110,216.5,1
12901,23075,17654.54,3
12902,66,138.68,1
12904,294,496.06,1
12906,1749,2919.81,1
12908,1200,750.0,1
12909,1280,2178.67,1
12910,1692,3075.04,1
12912,670,1662.3,1
12913,1419,2483.63,1
12915,93,363.65,1
12916,1083,2944.95,1
12917,120,594.0,1
12919,673,1335.19,1
12920,128,162.78,1
12921,9526,16587.09,1
12922,370,405.38,1
12923,68,172.82,1
12924,481,933.7,1
12925,541,694.05,1
12928,1472,2062.7,1
12929,37,117.85,1
12930,252,415.8,1
12931,28004,42055.96,3
12933,499,607.53,1
12935,1853,2160.7,1
12936,559,1063.9,1
12937,1007,1504.27,1
12938,140,114.14,1
12939,4876,11581.8,1
12940,404,899.69,1
12942,198,675.6,1
12944,289,604.51,1
12945,165,462.95,1
12947,1165,1603.99,1
12948,1080,2064.95,1
12949,2381,4167.22,1
12950,1380,1843.0,1
12951,503,1064.07,1
12952,653,1387.79,1
12953,84,329.85,1
12955,3664,4757.16,1
12956,34,108.07,1
12957,2549,4017.54,1
12962,129,266.39,1
12963,881,1856.63,1
12965,282,769.81,1
12966,75,160.18,1
12967,438,1660.9,1
12968,73,135.95,1
12970,268,405.47,1
12971,9289,11189.91,1
12974,24,144.8,1
12976,561,738.6,1
12977,12,39.24,1
12980,886,7374.9,1
12981,242,372.22,1
12982,288,390.54,1
12984,26,97.5,1
12985,1533,1239.38,1
12987,219,558.7,1
12988,126,505.82,1
12989,2943,6924.11,1
12990,200,409.5,1
12991,405,503.76,1
12993,240,414.76,1
12994,459,974.42,1
12995,108,211.32,1
12997,664,1226.89,1
12999,342,455.88,1
13000,379,534.85,1
13001,5490,9785.97,1
13002,73,120.95,1
13003,103,149.05,1
13004,4822,5655.91,1
13005,172,513.7,1
13006,55,81.57,1
13008,175,229.47,1
13011,13,50.55,1
13012,820,1646.84,1
13013,2224,4810.94,1
13014,905,3466.28,1
13015,1609,3339.64,1
13016,527,789.89,1
13017,48,204.0,1
13018,5435,7277.7,1
13021,1352,2616.38,1
13023,286,689.9,1
13026,1620,975.36,1
13027,17280,6912.0,1
13028,798,661.32,1
13029,134,1247.5,1
13030,348,752.44,1
13032,375,1010.18,1
13033,83,190.55,1
13034,369,642.77,1
13035,644,921.88,1
13037,431,881.07,1
13038,360,908.46,1
13040,355,676.99,1
13043,254,516.42,1
13044,429,560.47,1
13045,221,305.28,1
13046,264,629.31,1
13047,1391,3237.54,1
13048,1228,1819.41,1
13049,268,656.68,1
13050,3748,5836.86,1
13052,222,348.15,1
13055,894,1214.41,1
13058,52,271.4,1
13059,35,183.4,1
13060,123,307.53,1
13061,107,248.61,1
13062,343,346.98,1
13064,514,1105.59,1
13065,74,205.86,1
13066,322,470.8,1
13067,32,115.46,1
13068,200,344.0,1
13069,5873,4431.44,1
13070,110,228.8,1
13072,69,177.15,1
13075,485,919.61,1
13077,862,728.02,1
13078,5630,12627.94,1
13079,62,220.1,1
13080,120,58.08,1
13081,19068,28337.38,3
13082,4324,3613.63,1
13083,187,303.75,1
13085,216,416.08,1
13089,31025,58762.08,3
13090,2263,8910.82,1
13091,466,345.82,1
13092,279,477.83,1
13093,3961,7832.47,1
13094,1716,1927.32,1
13095,144,74.4,1
13097,2360,6003.22,1
13098,15968,28882.44,3
13099,288,207.36,1
13101,113,101.19,1
13102,4204,6424.09,1
13103,82,243.94,1
13104,504,1098.48,1
13106,18,76.5,1
13107,1293,1531.62,1
13108,298,350.06,1
13109,520,786.54,1
13110,388,1488.67,1
13113,3045,12245.96,1
13115,1567,2294.78,1
13116,291,501.14,1
13117,945,984.91,1
13118,410,1197.81,1
13120,12,30.6,1
13121,252,283.73,1
13122,585,922.39,1
13124,2119,3756.33,1
13126,2143,2099.64,1
13127,127,259.17,1
13130,32,64.0,1
13131,447,1073.3,1
13132,20,77.3,1
13133,32,109.8,1
13134,1059,1793.58,1
13135,4300,3096.0,1
13136,1328,2607.61,1
13137,2204,3603.29,1
13138,473,962.39,1
13139,2425,5064.94,1
13140,185,422.47,1
13141,1548,2388.75,1
13142,258,307.09,1
13144,21,110.95,1
13145,145,618.52,1
13146,154,228.91,1
13147,144,712.8,1
13148,1965,3683.26,1
13149,1280,1676.06,1
13151,363,1257.87,1
13153,418,486.22,1
13155,497,971.76,1
13157,1439,1741.22,1
13158,784,1201.06,1
13159,1058,1429.35,1
13160,56,91.8,1
13161,29,112.75,1
13162,1713,1688.29,1
13165,1376,1021.48,1
13166,216,417.2,1
13167,785,791.33,1
13168,670,1299.59,1
13169,272,712.88,1
13170,141,108.81,1
13171,229,468.41,1
13173,277,353.65,1
13174,1352,2742.82,1
13176,448,481.49,1
13177,91,282.45,1
13178,3570,5725.47,1
13182,201,121.18,1
13183,2208,3957.78,1
13184,1662,1668.95,1
13185,12,71.4,1
13186,820,1575.89,1
13187,95,236.02,1
13188,25,114.6,1
13189,842,260.68,1
13192,595,911.94,1
13193,46,112.08,1
13194,26,60.7,1
13196,1224,1797.78,1
13198,2648,3401.24,1
13199,6176,9817.12,1
13200,516,870.09,1
13203,800,869.46,1
13207,130,250.26,1
13208,803,1217.65,1
13209,4253,5891.61,1
13210,316,353.48,1
13211,834,1095.42,1
13212,309,786.83,1
13213,1360,1520.58,1
13216,297,333.74,1
13217,262,533.98,1
13218,88,62.64,1
13220,196,819.29,1
13221,244,847.41,1
13223,88,163.2,1
13224,1518,2155.95,1
13225,3416,6463.84,1
13226,80,108.21,1
13227,99,257.7,1
13228,200,358.0,1
13229,63,160.95,1
13230,1638,2755.63,1
13232,773,1328.35,1
13233,1004,605.12,1
13235,441,1031.07,1
13236,416,744.85,1
13238,298,700.73,1
13239,327,329.56,1
13240,298,663.65,1
13242,130,270.4,1
13243,232,585.12,1
13244,38,121.74,1
13245,125,430.5,1
13246,1587,1961.52,1
13247,328,501.12,1
13248,305,465.68,1
13249,546,711.41,1
13253,1572,1030.4,1
13255,177,399.51,1
13258,282,672.83,1
13259,126,283.18,1
13260,142,557.62,1
13261,210,944.1,1
13262,125,200.29,1
13263,4768,7436.93,1
13265,1740,2092.66,1
13266,4428,3834.26,1
13267,1969,4521.49,1
13268,3624,3174.75,1
13269,3513,5343.28,1
13270,200,590.0,1
13271,240,211.49,1
13272,96,276.56,1
13273,153,138.98,1
13276,161,590.93,1
13277,176,258.4,1
13278,537,542.73,1
13279,73,137.75,1
13280,518,798.46,1
13282,307,1132.14,1
13283,90,93.66,1
13284,91,201.19,1
13285,2051,2709.12,1
13291,233,361.11,1
13292,347,578.94,1
13294,453,873.74,1
13295,82,201.2,1
13296,78,87.4,1
13297,963,2089.85,1
13298,96,360.0,1
13299,30,142.5,1
13300,203,371.89,1
13301,345,618.09,1
13302,5,63.75,1
13304,238,300.42,1
13305,1232,2000.86,1
13307,4,15.0,1
13308,843,1385.51,1
13309,1544,1456.79,1
13310,587,1132.03,1
13311,305,598.57,1
13313,851,1555.32,1
13314,560,775.94,1
13316,5508,5732.93,1
13317,1035,2273.68,1
13318,304,640.76,1
13319,4724,10845.55,1
13320,1086,1532.2,1
13321,372,567.36,1
13322,117,199.48,1
13323,175,787.85,1
13324,5205,7121.95,1
13325,240,675.3,1
13327,1600,3627.77,1
13328,680,1308.48,1
13329,463,789.0,1
13330,751,1140.93,1
13332,179,350.9,1
13334,1764,3502.32,1
13336,559,795.12,1
13338,256,487.02,1
13339,326,860.12,1
13340,5770,10736.48,1
13341,301,775.85,1
13343,135,353.43,1
13344,952,2511.69,1
13345,141,389.5,1
13347,205,341.36,1
13348,136,233.76,1
13349,225,247.32,1
13350,287,979.12,1
13351,117,373.94,1
13352,321,397.98,1
13354,604,743.53,1
13355,314,674.7,1
13356,325,768.24,1
13357,321,609.4,1
13358,285,439.03,1
13359,161,439.56,1
13362,1382,3090.74,1
13363,710,992.5,1
13364,71,134.96,1
13365,1247,2225.37,1
13366,144,56.16,1
13368,327,623.4,1
13369,149,308.28,1
13370,343,754.87,1
13372,159,378.64,1
13373,1651,3312.25,1
13375,442,778.65,1
13376,493,1019.76,1
13379,601,572.56,1
13381,2029,3639.31,1
13382,131,222.99,1
13384,2422,4151.93,1
13385,281,534.57,1
13388,282,677.1,1
13389,429,797.96,1
13390,224,544.08,1
13391,4,59.8,1
13394,2392,2520.02,1
13395,336,307.72,1
13396,600,1360.99,1
13397,430,1544.13,1
13398,281,457.34,1
13402,479,621.23,1
13403,44,75.0,1
13404,111,252.49,1
13405,165,572.45,1
13408,16232,28117.04,3
13410,518,1003.06,1
13411,72,213.55,1
13414,1574,1390.5,1
13416,142,712.5,1
13417,162,640.83,1
13418,3918,6127.43,1
13419,275,221.06,1
13420,101,159.85,1
13421,1128,1833.71,1
13422,1326,2626.3,1
13425,1123,1624.21,1
13426,2245,3641.32,1
13427,545,582.6,1
13428,151,201.78,1
13429,1390,1006.8,1
13430,751,679.45,1
13431,672,1269.1,1
13434,300,534.24,1
13435,2129,3809.89,1
13436,76,196.89,1
13437,1283,3408.06,1
13439,242,283.71,1
13441,204,296.64,1
13447,584,1129.14,1
13448,1648,3534.69,1
13449,222,291.88,1
13450,1982,2043.72,1
13451,2128,2898.26,1
13452,2,590.0,1
13453,134,356.98,1
13455,354,1058.34,1
13456,765,1766.72,1
13458,5508,9646.57,1
13460,286,183.44,1
13461,1170,1445.0,1
13462,62,151.5,1
13464,403,674.68,1
13466,259,307.9,1
13467,580,1071.91,1
13468,2589,5704.97,1
13470,100,165.0,1
13471,1583,2501.84,1
13473,266,422.64,1
13474,129,226.84,1
13475,1012,1431.78,1
13476,417,1238.47,1
13477,1021,1454.58,1
13479,134,300.95,1
13481,1142,1804.56,1
13482,116,184.64,1
13483,160,140.34,1
13484,44,313.8,1
13485,277,454.24,1
13486,669,1122.41,1
13487,265,575.4,1
13488,4518,8968.31,1
13489,560,449.52,1
13491,903,1215.82,1
13492,408,1269.84,1
13493,380,618.63,1
13494,162,316.26,1
13495,829,2044.87,1
13496,341,653.33,1
13497,163,348.05,1
13499,1365,1159.11,1
13500,609,1166.77,1
13501,560,1340.32,1
13502,264,292.0,1
13503,248,216.85,1
13504,178,295.93,1
13505,2486,4393.63,1
13506,324,458.52,1
13507,1597,2479.16,1
13508,24,110.97,1
13509,1106,979.72,1
13510,1386,1791.56,1
13512,143,251.21,1
13513,109,205.1,1
13514,40,152.2,1
13515,681,891.12,1
13516,985,1389.41,1
13517,1369,2128.42,1
13518,382,627.16,1
13519,23,122.75,1
13520,1649,3624.35,1
13521,718,1071.73,1
13522,44,125.8,1
13523,1752,3964.88,1
13524,324,680.18,1
13525,394,628.78,1
13527,1683,2242.36,1
13529,74,307.76,1
13531,174,483.8,1
13532,129,210.31,1
13533,202,269.09,1
13534,2961,5870.08,1
13536,2126,3444.39,1
13538,175,1280.85,1
13539,320,631.34,1
13544,112,276.06,1
13546,357,621.09,1
13548,436,678.16,1
13549,458,918.2,1
13551,12,91.8,1
13552,1417,3740.07,1
13555,2636,4098.88,1
13557,546,584.06,1
13558,338,594.52,1
13560,63,171.42,1
13561,83,141.86,1
13562,757,1799.33,1
13563,209,777.53,1
13564,636,1724.67,1
13565,172,240.22,1
13566,567,856.84,1
13568,66,187.05,1
13569,156,338.62,1
13570,161,239.49,1
13571,1757,2088.94,1
13572,534,1384.25,1
13573,302,290.25,1
13575,449,732.07,1
13576,2646,6717.34,1
13577,791,1687.6,1
13579,176,467.04,1
13581,30,118.0,1
13583,725,781.03,1
13584,37,142.4,1
13587,180,712.4,1
13588,2606,2478.95,1
13589,114,379.65,1
13590,1848,1981.92,1
13591,485,1117.13,1
13592,84,247.96,1
13593,719,2011.88,1
13594,359,396.97,1
13596,384,664.11,1
13598,52,160.04,1
13599,3293,5149.92,1
13600,324,219.52,1
13601,548,693.32,1
13602,267,428.89,1
13603,164,164.34,1
13606,276,276.75,1
13607,288,675.51,1
13610,488,1082.33,1
13611,754,1154.4,1
13614,564,1585.46,1
13615,189,417.69,1
13617,300,544.18,1
13618,246,177.34,1
13621,343,213.85,1
13623,286,727.74,1
13626,209,257.23,1
13627,1269,1638.47,1
13629,4372,7792.36,1
13630,1391,2031.78,1
13631,467,3070.42,1
13632,1031,2118.93,1
13634,700,1547.36,1
13635,677,1071.03,1
13636,592,949.12,1
13637,405,804.3,1
13638,93,122.64,1
13639,800,1033.34,1
13642,151,312.28,1
13643,273,519.44,1
13644,2067,2624.26,1
13645,158,252.1,1
13647,887,1648.12,1
13649,139,346.6,1
13650,922,1836.34,1
13651,33,94.2,1
13652,578,1095.08,1
13654,2182,2707.33,1
13655,605,932.97,1
13656,490,379.65,1
13657,209,382.14,1
13658,1019,2639.17,1
13659,882,1563.0,1
13662,533,881.26,1
13663,91,189.47,1
13666,41,84.65,1
13667,149,299.05,1
13668,3722,6309.83,1
13669,237,218.55,1
13670,282,349.7,1
13672,57,186.39,1
13673,114,387.44,1
13675,330,486.82,1
13678,924,232.6,1
13680,1934,3719.12,1
13681,360,827.83,1
13682,10,59.5,1
13684,38,65.13,1
13685,5056,3119.44,1
13686,70,72.0,1
13689,512,910.0,1
13690,67,172.25,1
13692,1226,1488.32,1
13694,63312,65039.62,3
13695,1603,2504.13,1
13697,177,151.3,1
13699,66,308.58,1
13700,2281,2248.63,1
13703,10,99.5,1
13704,1531,2308.06,1
13705,363,711.86,1
13706,189,330.79,1
13707,351,806.41,1
13708,301,285.33,1
13709,3508,6307.65,1
13710,176,180.48,1
13711,140,252.06,1
13712,352,228.84,1
13715,562,1077.39,1
13716,138,138.28,1
13717,1959,1445.01,1
13718,173,306.55,1
13719,609,1041.68,1
13720,501,799.9,1
13721,316,524.14,1
13722,1401,2375.41,1
13723,43,199.85,1
13725,806,1980.56,1
13726,1054,1079.66,1
13727,162,333.48,1
13728,458,1016.14,1
13730,488,752.6,1
13731,278,610.59,1
13732,498,491.86,1
13735,1128,2883.54,1
13736,496,729.8,1
13737,125,339.6,1
13739,54,216.9,1
13740,425,350.75,1
13741,218,668.43,1
13742,1115,3107.87,1
13743,1776,1341.6,1
13744,1153,1080.52,1
13745,496,300.04,1
13747,8,79.6,1
13748,439,948.25,1
13750,516,1647.26,1
13751,152,296.25,1
13752,874,1175.38,1
13753,512,741.26,1
13754,214,282.6,1
13755,1242,2108.06,1
13756,3188,5189.52,1
13758,1844,3190.55,1
13759,287,659.41,1
13760,197,286.79,1
13761,642,1070.65,1
13762,272,306.72,1
13763,728,1714.96,1
13764,926,1519.42,1
13767,7322,17220.36,1
13769,1163,2796.51,1
13771,1477,2634.45,1
13772,540,1122.63,1
13774,192,345.0,1
13777,12897,25977.16,1
13778,70,178.7,1
13780,318,360.01,1
13781,30,127.84,1
13782,369,908.86,1
13784,2493,2462.79,1
13786,136,230.4,1
13787,337,309.04,1
13790,748,348.8,1
13791,1200,1516.0,1
13792,92,195.55,1
13798,23948,37153.85,3
13799,402,688.86,1
13800,331,558.32,1
13801,168,324.8,1
13802,2572,4599.42,1
13803,121,277.07,1
13804,1462,2588.39,1
13805,1900,924.6,1
13806,56,256.38,1
13807,36,112.6,1
13808,782,1747.66,1
13809,29,155.05,1
13810,312,1499.01,1
13811,68,814.5,1
13812,333,539.0,1
13813,552,1366.86,1
13814,864,1579.12,1
13815,2560,4027.36,1
13816,269,571.67,1
13817,211,382.98,1
13819,1109,1140.35,1
13821,153,385.64,1
13822,611,632.0,1
13823,439,957.66,1
13824,768,1698.94,1
13826,82,189.5,1
13827,138,409.8,1
13828,311,209.49,1
13831,743,2198.45,1
13832,28,52.2,1
13833,117,383.85,1
13835,442,834.57,1
13837,182,266.59,1
13838,254,674.82,1
13841,100,85.0,1
13842,1768,3385.62,1
13844,196,361.62,1
13845,182,312.98,1
13846,388,865.06,1
13848,3700,1255.0,1
13849,1016,1537.95,1
13850,944,1595.48,1
13851,1705,2651.46,1
13853,312,1090.14,1
13854,2296,8109.52,1
13856,494,388.5,1
13858,75,216.17,1
13859,129,201.16,1
13860,591,1245.9,1
13862,1688,2209.36,1
13863,224,305.78,1
13865,204,501.56,1
13866,57,145.67,1
13867,501,1005.09,1
13868,1964,3192.54,1
13869,1709,3083.65,1
13870,1325,2770.94,1
13871,2806,6403.25,1
13873,140,389.6,1
13874,180,540.45,1
13875,1316,1786.79,1
13876,36,122.7,1
13877,108,117.24,1
13878,463,1271.57,1
13880,1842,3219.77,1
13881,10118,17159.52,1
13882,953,1191.13,1
13883,1436,2674.48,1
13884,300,787.6,1
13885,182,506.8,1
13886,126,243.56,1
13887,147,349.55,1
13888,254,595.67,1
13889,146,416.9,1
13890,831,1883.81,1
13892,983,632.97,1
13893,190,821.1,1
13894,354,564.62,1
13895,1365,2593.07,1
13897,200,311.16,1
13898,133,155.93,1
13899,156,388.52,1
13900,430,740.95,1
13901,1739,2867.2,1
13904,332,332.64,1
13908,1478,2369.55,1
13911,2731,2580.91,1
13914,380,626.45,1
13917,228,272.04,1
13918,1140,1212.84,1
13919,474,384.81,1
13922,93,172.25,1
13923,185,351.13,1
13924,1575,1838.85,1
13925,331,678.25,1
13926,104,223.85,1
13927,214,348.99,1
13928,129,464.57,1
13929,143,842.65,1
13930,274,337.34,1
13931,725,1237.53,1
13932,72,307.4,1
13933,205,608.79,1
13934,390,922.1,1
13936,330,376.58,1
13937,123,158.85,1
13938,70,71.66,1
13939,847,568.55,1
13940,516,839.14,1
13941,2364,5112.96,1
13946,443,561.57,1
13947,44,90.6,1
13948,40,102.0,1
13949,2474,2427.32,1
13950,323,745.06,1
13951,459,674.45,1
13952,1431,3251.07,1
13953,2724,3515.68,1
13954,150,439.92,1
13955,154,322.96,1
13956,486,1019.27,1
13959,355,594.04,1
13960,142,230.22,1
13962,87,169.55,1
13963,460,664.54,1
13967,42,80.7,1
13969,4528,9024.17,1
13971,1844,2758.26,1
13972,187,190.25,1
13973,109,264.7,1
13974,249,413.59,1
13975,1697,2461.24,1
13976,154,357.98,1
13978,315,196.79,1
13979,639,869.87,1
13980,172,200.14,1
13982,1136,1871.81,1
13983,1183,2603.43,1
13984,679,920.51,1
13985,3445,7060.13,1
13986,430,320.46,1
13988,3044,4147.96,1
13989,1313,1266.08,1
13990,190,311.3,1
13991,995,852.88,1
13992,64,76.8,1
13993,900,3466.36,1
13994,932,2274.14,1
13995,879,1393.69,1
13999,2243,3901.81,1
14000,710,635.66,1
14001,962,2043.08,1
14002,877,529.73,1
14004,2668,4582.64,1
14005,2478,2874.72,1
14006,641,962.19,1
14009,365,695.61,1
14012,160,328.8,1
14013,462,473.02,1
14014,1076,505.18,1
14015,378,917.34,1
14016,2125,4341.21,1
14019,1037,1421.61,1
14020,441,642.8,1
14021,192,631.9,1
14022,487,440.0,1
14023,345,584.07,1
14024,150,327.7,1
14027,62,104.82,1
14029,198,467.66,1
14030,1478,2358.84,1
14031,5788,17286.86,1
14032,2032,2975.59,1
14034,420,648.89,1
14035,739,1428.02,1
14036,268,626.65,1
14037,46,147.2,1
14038,965,1560.38,1
14039,92,152.2,1
14040,1544,3560.32,1
14041,94,141.41,1
14044,304,646.42,1
14045,535,1659.75,1
14046,460,154.99,1
14047,381,1308.61,1
14048,288,409.93,1
14049,3808,5578.72,1
14050,689,746.36,1
14051,3756,15610.39,1
14052,89,225.36,1
14053,215,260.25,1
14054,62,92.46,1
14055,216,725.64,1
14056,4252,8152.71,1
14057,4873,6211.66,1
14059,128,183.6,1
14060,5386,6140.42,1
14062,5593,10464.85,1
14064,1772,1334.34,1
14066,45,152.55,1
14067,361,374.7,1
14068,73,265.85,1
14071,994,1437.57,1
14073,130,151.04,1
14075,754,942.26,1
14076,79,118.67,1
14077,268,499.42,1
14078,310,1049.37,1
14079,301,375.1,1
14080,48,45.6,1
14081,592,921.62,1
14082,110,182.25,1
14083,705,1002.9,1
14085,3177,4421.29,1
14087,250,191.47,1
14088,12665,50491.81,3
14089,133,158.75,1
14090,72,76.32,1
14092,2066,4076.91,1
14093,391,433.86,1
14096,16352,65164.79,3
14098,104,147.35,1
14099,2179,3104.17,1
14100,63,191.95,1
14101,6942,5976.79,1
14102,769,1105.88,1
14104,72,216.21,1
14105,800,1266.23,1
14107,1793,2703.23,1
14108,381,597.91,1
14109,88,144.2,1
14110,2445,5683.15,1
14111,458,692.85,1
14112,1651,2915.15,1
14113,745,1840.42,1
14114,101,386.53,1
14116,707,1382.74,1
14117,72,90.0,1
14121,2082,2780.15,1
14124,1618,419.58,1
14125,1628,2720.63,1
14126,508,706.13,1
14127,321,709.71,1
14128,564,637.5,1
14129,592,1123.86,1
14130,257,480.91,1
14132,3368,3586.03,1
14133,348,605.64,1
14135,3850,4690.31,1
14138,600,965.88,1
14139,510,415.82,1
14140,811,935.05,1
14141,355,915.13,1
14142,313,311.81,1
14143,30,115.8,1
14145,756,3742.2,1
14146,2437,4191.0,1
14147,108,483.4,1
14148,16,157.2,1
14149,218,446.62,1
14150,496,658.64,1
14152,711,621.29,1
14154,465,1345.62,1
14155,25,118.75,1
14156,57768,117210.08,3
14157,271,424.89,1
14158,781,507.66,1
14159,4348,4630.35,1
14161,450,1097.62,1
14162,142,289.36,1
14163,893,2445.91,1
14164,1033,1631.77,1
14165,53,120.44,1
14167,147,562.59,1
14171,167,363.79,1
14173,150,450.84,1
14174,94,134.46,1
14175,1515,3222.3,1
14176,209,576.9,1
14177,204,549.46,1
14178,1494,1600.26,1
14179,319,701.57,1
14180,719,4748.52,1
14184,127,452.89,1
14185,6,197.65,1
14188,1162,2054.36,1
14189,3937,4654.08,1
14191,3662,4684.76,1
14193,445,853.39,1
14194,5840,11349.52,1
14195,760,1012.0,1
14196,142,335.52,1
14198,290,701.4,1
14199,28,185.4,1
14201,590,747.44,1
14204,72,150.61,1
14205,204,466.7,1
14206,276,328.16,1
14208,114,151.74,1
14209,691,2073.43,1
14210,760,1905.84,1
14211,1242,2241.1,1
14212,1152,1070.48,1
14214,751,1004.38,1
14215,1358,1789.72,1
14216,594,1839.3,1
14217,689,2004.98,1
14218,160,169.48,1
14219,78,89.94,1
14220,272,632.4,1
14221,2191,3432.8,1
14222,607,683.17,1
14223,585,991.13,1
14224,483,1009.73,1
14226,1296,2214.79,1
14227,1820,3350.96,1
14229,610,1547.2,1
14231,409,925.71,1
14232,1941,2048.07,1
14233,680,1462.72,1
14234,951,754.12,1
14235,1959,3144.86,1
14236,310,490.86,1
14237,38,161.0,1
14238,111,146.85,1
14239,993,2380.85,1
14240,418,890.34,1
14241,146,213.7,1
14242,123,280.55,1
14243,1221,2588.77,1
14245,976,1693.45,1
14246,804,1474.06,1
14247,47,136.77,1
14248,102,302.58,1
14250,1200,1904.05,1
14251,1674,2879.7,1
14256,414,969.06,1
14257,1682,3099.72,1
14258,7100,12669.98,1
14259,68,120.0,1
14261,406,1163.45,1
14262,1645,2618.23,1
14264,70,333.97,1
14265,330,530.18,1
14267,530,1516.24,1
14270,197,492.65,1
14271,88,112.32,1
14272,599,437.96,1
14273,264,559.97,1
14276,744,1119.74,1
14277,1976,4188.0,1
14280,52,134.04,1
14282,2656,3701.44,1
14284,161,595.25,1
14285,541,1910.01,1
14286,4338,4628.75,1
14287,261,176.63,1
14288,188,426.6,1
14289,292,911.26,1
14290,915,2314.65,1
14291,2749,3883.25,1
14292,1663,4871.93,1
14293,709,1046.56,1
14295,84,166.2,1
14297,865,1305.33,1
14298,58343,51527.3,3
14299,2149,3965.62,1
14300,32,43.2,1
14301,606,640.14,1
14304,139,383.45,1
14305,1089,1858.96,1
14306,1075,2093.32,1
14307,2058,2995.72,1
14309,1633,2352.53,1
14311,146,310.26,1
14312,1012,1611.59,1
14314,296,120.0,1
14315,1021,2481.13,1
14317,255,508.58,1
14320,325,477.79,1
14321,2406,1530.75,1
14323,350,605.06,1
14326,103,183.85,1
14327,139,311.65,1
14329,3087,4975.24,1
14331,252,462.66,1
14332,463,840.21,1
14333,58,415.2,1
14334,1731,2552.21,1
14335,375,454.86,1
14336,1759,1614.91,1
14338,335,588.22,1
14339,168,309.52,1
14340,58,134.7,1
14341,1397,2166.98,1
14342,347,668.56,1
14344,477,889.93,1
14345,50,108.98,1
14346,605,1021.58,1
14348,183,409.57,1
14349,86,133.5,1
14350,183,282.93,1
14351,12,51.0,1
14352,538,1078.96,1
14353,64,90.6,1
14354,210,163.62,1
14355,92,174.4,1
14356,277,701.23,1
14357,147,225.12,1
14359,371,912.18,1
14360,1139,2118.03,1
14362,96,151.5,1
14364,1967,3717.35,1
14367,4426,9227.82,1
14368,36,155.0,1
14371,34,100.5,1
14373,17,76.55,1
14375,184,235.56,1
14377,219,617.05,1
14379,292,348.1,1
14381,146,202.68,1
14382,1231,615.49,1
14383,817,1247.69,1
14385,159,202.11,1
14386,54,142.4,1
14387,795,1727.6,1
14388,1941,3212.84,1
14389,729,1043.46,1
14390,2133,4642.57,1
14393,13,67.95,1
14395,1689,3479.91,1
14396,225,487.99,1
14397,1890,2612.96,1
14400,454,574.7,1
14401,4507,4051.48,1
14403,519,1475.81,1
14404,827,1449.32,1
14406,77,156.75,1
14407,1415,2157.73,1
14408,1610,2599.03,1
14409,1230,2059.45,1
14410,567,1100.27,1
14411,196,1063.0,1
14412,786,770.03,1
14413,67,121.05,1
14414,2512,1496.98,1
14415,2996,5855.57,1
14416,326,490.22,1
14418,1711,1937.25,1
14419,483,1051.79,1
14420,334,387.52,1
14421,365,813.11,1
14422,2906,4263.64,1
14423,120,265.2,1
14424,48,322.08,1
14426,2699,4481.67,1
14427,228,363.34,1
14428,428,1224.06,1
14431,130,470.36,1
14432,2013,2248.5,1
14434,368,1372.8,1
14436,129,89.06,1
14437,60,63.0,1
14438,82,131.9,1
14439,526,2661.24,1
14440,588,2357.68,1
14441,446,1712.89,1
14442,482,1589.82,1
14443,938,1420.2,1
14446,916,1010.35,1
14447,571,1163.23,1
14448,104,375.35,1
14449,741,885.8,1
14450,241,483.25,1
14451,378,643.9,1
14452,116,259.05,1
14453,49,119.93,1
14456,2885,3017.28,1
14457,88,113.64,1
14459,760,1837.92,1
14460,881,434.34,1
14461,766,2103.06,1
14462,956,1980.57,1
14463,179,529.62,1
14465,398,1038.44,1
14466,1006,2272.4,1
14467,276,596.26,1
14470,193,461.19,1
14472,1135,1852.67,1
14473,88,234.34,1
14474,140,547.66,1
14475,447,925.85,1
14476,110,193.0,1
14477,720,1309.6,1
14479,117,316.25,1
14480,143,279.05,1
14481,489,636.51,1
14482,1627,2022.81,1
14483,97,137.1,1
14484,210,321.92,1
14485,70,162.8,1
14487,712,1165.48,1
14488,799,1064.28,1
14489,299,463.38,1
14491,139,340.93,1
14493,1285,2383.24,1
14494,92,139.56,1
14495,62,123.8,1
14496,159,538.81,1
14497,235,475.37,1
14498,1098,1957.32,1
14499,496,808.44,1
14500,117,356.85,1
14501,161,251.21,1
14502,1480,2429.83,1
14503,2004,3543.26,1
14504,308,673.26,1
14505,2739,5859.43,1
14506,704,1960.65,1
14507,594,1367.88,1
14508,129,268.05,1
14511,784,1314.81,1
14512,122,275.28,1
14513,361,455.59,1
14514,564,990.2,1
14515,1110,2076.89,1
14517,91,330.45,1
14518,278,174.37,1
14520,146,270.6,1
14522,525,974.54,1
14523,251,241.09,1
14524,669,1843.83,1
14525,2637,4215.9,1
14527,2088,8507.13,1
14528,278,364.22,1
14529,325,578.61,1
14530,1395,2862.11,1
14532,284,932.85,1
14533,4019,1949.72,1
14534,2027,4397.3,1
14535,1824,2854.84,1
14536,39,170.95,1
14537,120,355.56,1
14538,155,388.25,1
14539,428,537.48,1
14540,411,952.66,1
14541,641,1453.35,1
14542,19,103.25,1
14543,675,3599.73,1
14544,1536,2004.3,1
14546,1313,2573.93,1
14547,2639,3974.75,1
14548,256,652.8,1
14549,136,289.24,1
14550,389,757.37,1
14551,106,186.23,1
14552,90,164.22,1
14553,493,859.27,1
14554,1443,2279.49,1
14555,122,312.54,1
14557,510,788.38,1
14560,1260,2237.77,1
14561,1014,1080.76,1
14562,1815,5006.77,1
14565,1540,3099.12,1
14566,800,1432.0,1
14567,412,1530.36,1
14569,79,227.39,1
14570,95,218.06,1
14572,1420,2804.54,1
14573,534,1639.82,1
14576,12,35.4,1
14577,353,859.71,1
14578,240,168.63,1
14581,217,138.6,1
14582,73,114.11,1
14583,751,986.96,1
14584,381,1033.06,1
14585,91,157.05,1
14586,444,237.36,1
14587,749,1580.29,1
14589,5,39.75,1
14591,1228,1320.21,1
14592,407,557.94,1
14593,330,617.15,1
14594,183,363.33,1
14595,978,1740.6,1
14597,566,866.24,1
14598,189,221.97,1
14600,125,393.33,1
14601,168,213.96,1
14603,400,660.0,1
14606,6187,12076.15,1
14607,11526,16209.5,1
14608,437,1785.15,1
14609,7026,601.56,1
14616,104,406.08,1
14618,264,553.44,1
14619,152,394.44,1
14620,214,412.78,1
14621,993,1788.36,1
14622,146,320.58,1
14623,418,886.7,1
14624,162,225.85,1
14625,335,899.63,1
14626,1403,2791.27,1
14628,272,671.96,1
14629,378,955.26,1
14631,622,1006.98,1
14632,96,114.56,1
14633,96,344.9,1
14636,241,609.85,1
14638,166,443.6,1
14639,1431,2984.49,1
14640,880,2107.38,1
14641,90,110.46,1
14642,76,96.12,1
14643,815,693.81,1
14644,258,830.76,1
14645,381,597.09,1
14646,196915,280206.02,2
14647,91,236.04,1
14649,1004,1402.59,1
14651,343,653.75,1
14652,53,114.18,1
14653,945,1926.65,1
14655,1089,1932.23,1
14656,120,291.05,1
14657,466,848.22,1
14658,47,247.15,1
14659,1195,2529.93,1
14660,228,285.74,1
14661,35,107.95,1
14662,578,741.37,1
14664,465,636.24,1
14665,740,1835.7,1
14666,161,195.25,1
14667,5319,9175.04,1
14669,770,1259.24,1
14670,326,392.86,1
14672,454,765.55,1
14673,1004,1736.4,1
14675,336,596.36,1
14676,2500,2548.24,1
14680,13476,28754.11,1
14681,76,498.95,1
14682,80,52.0,1
14684,821,1201.51,1
14687,470,628.38,1
14688,3584,5579.1,1
14689,76,112.8,1
14690,167,355.05,1
14691,707,2114.33,1
14692,265,591.55,1
14693,34,172.9,1
14696,1630,2078.95,1
14697,181,188.61,1
14698,602,1217.27,1
14699,77,109.13,1
14700,1314,2195.1,1
14701,921,2526.09,1
14702,1439,3251.79,1
14703,183,318.17,1
14704,1043,1493.96,1
14705,100,179.0,1
14708,621,1126.37,1
14709,2484,4921.04,1
14710,375,599.48,1
14711,966,2839.62,1
14712,315,917.07,1
14713,1613,2662.2,1
14714,229,160.19,1
14715,521,867.38,1
14716,495,307.51,1
14719,1025,1581.84,1
14720,219,663.81,1
14722,118,180.42,1
14723,673,1122.36,1
14725,588,655.58,1
14727,62,268.58,1
14729,197,313.49,1
14730,1078,1897.57,1
14731,256,380.02,1
14732,1405,2702.49,1
14733,3764,9585.91,1
14735,2264,6065.69,1
14737,345,1164.55,1
14738,601,1314.45,1
14739,3820,3902.28,1
14740,735,1448.21,1
14741,841,1400.34,1
14744,627,1099.98,1
14745,1038,1220.26,1
14747,84,328.2,1
14748,1223,1415.75,1
14752,260,389.64,1
14753,211,563.15,1
14754,486,638.05,1
14755,2219,5010.28,1
14756,416,738.96,1
14757,160,420.5,1
14758,419,1484.06,1
14759,569,1625.97,1
14760,40,89.2,1
14761,118,255.9,1
14762,341,300.52,1
14764,190,278.3,1
14765,135,254.11,1
14766,1349,2473.37,1
14768,52,192.6,1
14769,7239,10416.98,1
14770,490,876.42,1
14772,82,139.26,1
14775,1174,1011.9,1
14776,3134,2538.3,1
14778,306,730.86,1
14779,84,386.15,1
14780,310,447.68,1
14782,114,200.1,1
14784,237,289.99,1
14785,84,77.4,1
14788,421,679.44,1
14789,116,197.64,1
14790,699,745.06,1
14792,2,6.2,1
14793,91,228.99,1
14794,673,1319.91,1
14795,17,131.45,1
14796,5995,7975.49,1
14798,150,173.74,1
14799,146,157.7,1
14800,3644,4331.79,1
14801,173,189.34,1
14803,370,845.55,1
14804,121,353.27,1
14805,114,546.4,1
14806,330,193.39,1
14808,2120,2718.6,1
14810,1015,2085.33,1
14813,66,152.88,1
14815,744,778.5,1
14816,5,271.85,1
14817,655,1110.34,1
14818,324,657.8,1
14819,109,272.07,1
14820,253,507.29,1
14821,20,48.8,1
14823,88,321.43,1
14824,525,1127.71,1
14825,989,2221.01,1
14828,2172,2139.76,1
14829,452,697.55,1
14830,164,188.88,1
14834,734,1720.3,1
14836,45,102.45,1
14837,1436,1649.5,1
14840,31,62.85,1
14841,1778,3295.76,1
14842,1166,2824.69,1
14844,1833,3189.81,1
14847,120,309.4,1
14849,5694,7930.54,1
14850,293,325.75,1
14851,325,511.35,1
14852,1747,2836.69,1
14853,82,475.8,1
14854,1820,2740.03,1
14855,267,645.65,1
14856,711,1290.53,1
14857,464,1173.12,1
14859,671,1353.74,1
14860,232,170.32,1
14861,117,125.79,1
14862,772,841.2,1
14863,132,266.76,1
14865,108,52.2,1
14866,6752,14389.9,1
14867,328,710.28,1
14868,1405,2953.59,1
14869,549,721.45,1
14870,119,327.25,1
14871,179,501.28,1
14873,168,519.68,1
14875,558,1465.32,1
14878,799,1476.09,1
14880,365,690.59,1
14881,316,255.4,1
14882,158,589.7,1
14883,790,761.59,1
14885,724,765.32,1
14886,160,364.8,1
14887,1100,1862.0,1
14888,184,369.2,1
14889,90,135.9,1
14890,51,125.65,1
14891,505,554.38,1
14893,799,1237.85,1
14894,265,655.75,1
14895,4851,11138.71,1
14896,279,468.77,1
14897,468,1366.38,1
14898,1001,1269.31,1
14901,661,1421.29,1
14902,218,332.66,1
14903,1531,2795.33,1
14904,1985,1025.44,1
14905,287,616.15,1
14907,1691,3501.1,1
14908,132,277.8,1
14910,238,434.35,1
14911,80240,143711.17,2
14912,971,867.85,1
14913,1743,1227.43,1
14915,112,307.48,1
14916,1136,1268.98,1
14918,675,1610.15,1
14920,509,977.77,1
14921,953,1316.07,1
14923,418,749.1,1
14924,64,310.05,1
14929,136,223.88,1
14930,1160,2362.96,1
14931,417,1257.68,1
14932,80,363.53,1
14934,1042,1890.94,1
14935,935,1784.71,1
14936,4085,8137.02,1
14937,484,1621.88,1
14944,2815,5900.25,1
14946,22,100.9,1
14947,179,290.82,1
14948,673,1101.97,1
14950,136,371.2,1
14951,311,311.69,1
14952,3355,8099.49,1
14953,224,285.67,1
14954,117,294.85,1
14957,34,58.49,1
14958,128,483.73,1
14959,494,695.42,1
14960,221,221.27,1
14961,3708,7044.68,1
14962,44,126.7,1
14963,1159,1472.34,1
14964,143,206.21,1
14965,363,596.09,1
14966,179,183.02,1
14967,140,463.8,1
14968,127,147.59,1
14970,250,1592.06,1
14971,639,1097.98,1
14972,28,114.77,1
14973,369,1314.45,1
14974,37,89.94,1
14975,380,279.94,1
14976,234,790.86,1
14978,523,1921.37,1
14981,97,102.12,1
14984,58,202.37,1
14985,256,292.01,1
14987,128,326.4,1
14988,141,334.54,1
14995,102,231.98,1
14997,1120,546.2,1
14998,258,414.87,1
15000,218,490.52,1
15002,862,1641.76,1
15004,623,1220.77,1
15005,4230,6295.37,1
15006,286,480.38,1
15007,69,156.91,1
15009,639,1259.43,1
15010,184,308.94,1
15012,225,405.04,1
15014,149,257.67,1
15016,76,170.04,1
15017,63,125.58,1
15018,189,496.21,1
15019,150,252.81,1
15021,819,1871.77,1
15022,527,852.39,1
15023,2827,6720.41,1
15024,902,1636.43,1
15025,184,361.96,1
15026,285,469.0,1
15027,565,1066.15,1
15028,459,627.13,1
15030,372,518.28,1
15031,400,653.19,1
15032,2968,4959.1,1
15033,1672,2557.18,1
15034,2413,4274.16,1
15035,245,252.73,1
15036,316,429.56,1
15038,212,685.74,1
15039,9131,19766.59,1
15041,103,179.93,1
15042,30,135.93,1
15043,300,537.0,1
15044,2785,7634.73,1
15045,114,735.66,1
15046,3372,5090.42,1
15047,222,343.62,1
15048,192,381.0,1
15049,63,121.17,1
15050,1216,1737.69,1
15051,1010,1383.36,1
15052,79,207.73,1
15053,984,693.95,1
15054,198,302.1,1
15057,668,1489.5,1
15058,1054,2102.54,1
15059,604,1337.72,1
15060,257,294.25,1
15061,28920,54534.14,3
15062,763,987.86,1
15063,56,370.8,1
15065,1383,3158.13,1
15066,317,893.59,1
15067,954,1744.76,1
15068,364,553.36,1
15069,520,1109.53,1
15070,36,106.2,1
15071,269,982.07,1
15073,491,1043.41,1
15074,431,735.67,1
15075,447,773.03,1
15076,571,880.85,1
15078,5105,9743.11,1
15079,389,895.61,1
15081,190,504.8,1
15083,38,88.2,1
15087,470,306.94,1
15088,460,1160.07,1
15089,1359,2420.84,1
15090,208,381.32,1
15091,346,480.71,1
15092,135,457.81,1
15093,3760,4597.02,1
15095,1079,1370.6,1
15096,120,219.39,1
15097,170,248.08,1
15098,121,39916.5,1
15099,343,410.48,1
15100,80,876.0,1
15101,241,317.53,1
15103,329,703.36,1
15104,635,993.54,1
15105,1211,2298.93,1
15106,1181,1422.52,1
15107,169,319.5,1
15108,499,1300.25,1
15109,131,484.95,1
15110,246,996.1,1
15111,710,1567.48,1
15113,2344,3509.43,1
15114,3096,2760.56,1
15115,157,340.11,1
15116,648,1352.75,1
15117,1948,1551.78,1
15118,1440,244.8,1
15119,88,266.4,1
15120,296,358.82,1
15121,199,457.72,1
15122,800,1633.78,1
15123,1195,2199.31,1
15124,233,184.19,1
15125,6193,11528.48,1
15127,251,406.53,1
15128,1343,1471.0,1
15129,1794,3447.4,1
15130,197,330.11,1
15132,679,977.93,1
15133,680,982.42,1
15134,887,1387.99,1
15135,43,139.05,1
15136,776,1286.7,1
15139,208,178.96,1
15140,1572,2354.25,1
15142,365,498.74,1
15143,150,259.45,1
15144,3050,6580.44,1
15145,756,1194.73,1
15146,1473,1327.16,1
15147,366,623.5,1
15148,187,301.29,1
15149,128,520.8,1
15150,3642,5291.33,1
15152,2704,4745.69,1
15153,198,329.25,1
15154,89,254.28,1
15156,597,961.49,1
15157,2392,1936.07,1
15158,198,401.4,1
15159,11441,18641.01,1
15160,84,158.16,1
15163,186,304.47,1
15164,351,824.58,1
15165,160,487.75,1
15167,65,158.8,1
15168,52,106.56,1
15171,290,1289.5,1
15172,1611,1624.05,1
15174,145,135.75,1
15175,454,224.14,1
15178,30,40.5,1
15179,1938,2206.95,1
15180,36,87.5,1
15181,544,689.48,1
15182,253,622.85,1
15184,199,402.2,1
15185,666,310.62,1
15186,215,411.41,1
15187,1887,4777.18,1
15189,6149,16225.39,1
15192,918,1044.32,1
15193,144,499.32,1
15194,5703,7616.53,1
15195,1404,3861.0,1
15197,469,1079.61,1
15198,120,193.64,1
15199,396,1268.7,1
15201,1210,1236.54,1
15203,1753,1827.8,1
15204,258,316.58,1
15205,378,653.24,1
15206,162,420.3,1
15208,316,870.12,1
15210,228,331.18,1
15211,240,894.41,1
15212,36,101.8,1
15213,272,328.35,1
15214,1254,1661.44,1
15215,225,734.94,1
15216,28,96.6,1
15218,3329,5756.89,1
15219,45,305.75,1
15220,1393,1778.96,1
15221,43,403.25,1
15222,440,585.0,1
15223,213,755.75,1
15224,152,322.08,1
15225,226,409.4,1
15226,71,154.41,1
15227,750,1219.4,1
15228,2255,3386.71,1
15230,351,429.6,1
15232,686,612.06,1
15234,196,197.0,1
15235,1324,2247.51,1
15236,269,321.05,1
15237,1071,1412.32,1
15238,692,1071.99,1
15239,594,780.59,1
15240,1369,1706.57,1
15241,1818,1756.44,1
15243,185,316.68,1
15244,405,631.57,1
15245,1784,2515.84,1
15246,247,514.15,1
15247,160,356.0,1
15249,3577,6688.46,1
15251,6171,10484.99,1
15252,522,740.78,1
15253,866,918.2,1
15254,275,300.36,1
15255,489,890.85,1
15256,55,98.45,1
15257,46,317.15,1
15258,142,623.16,1
15260,885,1810.77,1
15261,270,254.82,1
15262,73,178.95,1
15263,89,156.51,1
15264,265,393.74,1
15265,612,1506.12,1
15266,18,119.3,1
15267,944,1717.36,1
15269,26,408.8,1
15270,1521,2379.49,1
15271,1251,2493.34,1
15272,310,721.94,1
15274,619,716.57,1
15275,498,615.14,1
15276,61,128.63,1
15277,205,255.9,1
15279,189,290.51,1
15280,154,113.12,1
15281,1211,2332.15,1
15286,55,240.55,1
15287,433,486.69,1
15288,775,2306.52,1
15289,1008,939.78,1
15290,4501,7943.22,1
15291,2103,4668.3,1
15292,55,178.39,1
15296,1766,3672.86,1
15297,292,641.94,1
15298,3116,4799.9,1
15299,2948,4507.01,1
15300,292,496.44,1
15301,2751,5049.95,1
15303,248,574.02,1
15304,104,694.4,1
15306,810,1174.35,1
15307,37,205.3,1
15308,175,310.47,1
15311,38147,60632.75,3
15312,516,924.85,1
15313,25,52.0,1
15314,313,327.97,1
15315,862,570.5,1
15316,100,165.0,1
15318,642,312.62,1
15319,175,204.5,1
15320,326,267.13,1
15321,1181,2748.31,1
15322,416,679.68,1
15325,231,161.74,1
15326,386,311.71,1
15327,116,208.75,1
15329,486,1049.7,1
15330,1312,714.96,1
15332,652,1661.06,1
15333,344,1028.56,1
15334,273,350.82,1
15335,79,170.22,1
15339,416,574.07,1
15341,812,2020.52,1
15342,283,406.09,1
15343,84,364.5,1
15344,116,563.94,1
15345,81,393.54,1
15346,144,252.42,1
15347,130,201.6,1
15348,84,158.04,1
15349,321,463.91,1
15350,51,115.65,1
15351,742,1934.66,1
15353,341,770.12,1
15355,45,277.05,1
15356,1643,2718.03,1
15358,7050,8347.2,1
15360,223,427.93,1
15361,336,418.92,1
15363,144,326.0,1
15364,493,913.19,1
15365,1084,2314.32,1
15366,621,602.51,1
15367,1057,1877.59,1
15368,230,446.94,1
15370,830,2386.05,1
15372,2924,2007.4,1
15373,500,2415.91,1
15374,126,168.0,1
15376,615,1221.56,1
15379,2305,3703.29,1
15380,376,1690.26,1
15381,171,596.85,1
15382,4012,5955.71,1
15384,596,642.41,1
15385,161,316.88,1
15386,446,394.14,1
15388,88,140.54,1
15389,400,500.0,1
15392,1277,1535.53,1
15393,150,231.86,1
15394,910,2183.54,1
15395,17,107.45,1
15396,122,288.18,1
15397,20,94.0,1
15398,769,1345.53,1
15399,611,815.77,1
15400,390,716.2,1
15402,694,626.77,1
15405,193,349.1,1
15406,254,510.71,1
15407,552,1046.74,1
15408,106,267.18,1
15410,1200,3450.84,1
15411,529,1348.93,1
15412,108,190.53,1
15414,443,774.9,1
15415,551,559.61,1
15416,2090,3984.32,1
15417,284,508.8,1
15419,230,135.86,1
15421,500,950.36,1
15422,38,97.7,1
15423,101,43.5,1
15424,554,383.34,1
15426,656,1404.07,1
15427,967,1430.54,1
15428,102,93.78,1
15429,380,397.35,1
15432,65,171.19,1
15433,534,533.3,1
15434,647,1041.48,1
15435,54,149.29,1
15436,574,1067.75,1
15437,79,200.16,1
15438,59,156.58,1
15440,197,383.68,1
15442,120,594.0,1
15443,1639,3213.59,1
15444,759,1411.21,1
15445,58,113.5,1
15447,85,155.17,1
15448,232,494.64,1
15449,812,974.52,1
15450,376,429.84,1
15452,280,528.48,1
15453,837,1371.77,1
15454,86,179.1,1
15456,633,434.59,1
15457,132,237.07,1
15458,156,161.64,1
15460,107,214.26,1
15462,172,234.6,1
15463,106,126.14,1
15464,348,1044.65,1
15465,1257,7354.62,1
15466,246,334.53,1
15467,310,524.88,1
15468,155,467.51,1
15469,153,538.55,1
15471,256,454.48,1
15472,251,371.56,1
15473,672,1771.2,1
15475,319,454.11,1
15478,575,1399.92,1
15480,303,905.5,1
15482,5004,10879.76,1
15483,291,225.26,1
15484,3150,3590.41,1
15485,1281,2564.5,1
15488,73,91.32,1
15489,608,1134.28,1
15491,1646,3100.09,1
15492,483,659.46,1
15493,551,1953.41,1
15494,1139,1280.58,1
15497,624,1262.2,1
15498,6105,13316.4,1
15500,572,1131.56,1
15502,4236,10384.93,1
15503,70,141.04,1
15504,33,52.83,1
15505,2390,3610.96,1
15506,842,972.08,1
15507,160,475.86,1
15508,440,1000.27,1
15510,2,250.0,1
15511,269,900.53,1
15512,68,121.0,1
15513,5709,14758.22,1
15514,2098,4023.72,1
15516,27,62.43,1
15517,293,267.03,1
15518,1263,1921.55,1
15520,314,343.5,1
15521,1836,3000.2,1
15522,572,397.99,1
15523,132,412.01,1
15524,4,440.0,1
15525,387,734.37,1
15526,24,148.44,1
15527,991,2428.53,1
15528,123,229.33,1
15529,3455,3962.6,1
15530,938,1497.31,1
15531,1085,1972.39,1
15532,515,1564.73,1
15533,289,807.57,1
15535,135,502.9,1
15537,29,110.92,1
15539,410,538.46,1
15540,200,213.3,1
15541,49,85.13,1
15543,86,127.86,1
15544,3109,3546.71,1
15545,162,288.97,1
15547,3999,4910.6,1
15549,694,1681.46,1
15550,295,575.63,1
15551,218,436.06,1
15552,60,90.12,1
15553,449,428.93,1
15554,74,217.2,1
15555,4427,4794.86,1
15556,236,279.77,1
15557,213,468.91,1
15561,267,800.59,1
15562,39,134.55,1
15563,1501,1400.44,1
15565,60,173.16,1
15567,223,186.01,1
15568,461,758.29,1
15569,666,1375.71,1
15570,2063,4148.82,1
15571,264,650.43,1
15572,1213,2533.42,1
15573,355,591.19,1
15574,332,675.64,1
15576,394,921.37,1
15577,89,258.88,1
15578,52,127.1,1
15579,117,327.6,1
15581,283,3675.77,1
15582,453,682.91,1
15584,313,720.86,1
15585,320,455.3,1
15587,312,913.68,1
15589,243,478.53,1
15592,354,388.58,1
15593,60,199.8,1
15594,983,1771.78,1
15596,561,1406.59,1
15597,279,324.57,1
15598,160,240.68,1
15599,718,761.74,1
15601,4983,6776.56,1
15602,1137,1297.87,1
15603,96,48.48,1
15604,159,216.39,1
15605,441,1198.23,1
15606,892,2920.16,1
15607,202,104.76,1
15608,714,1093.68,1
15609,148,298.48,1
15610,66,112.46,1
15611,504,1591.45,1
15612,52,195.15,1
15615,5508,10399.74,1
15618,454,776.85,1
15619,136,336.4,1
15620,915,1553.18,1
15621,501,1293.03,1
15622,1674,3709.56,1
15623,125,301.03,1
15624,357,588.13,1
15625,1188,1534.26,1
15626,766,675.8,1
15628,1894,2870.24,1
15630,800,1186.35,1
15632,2109,3285.31,1
15634,99,243.55,1
15636,284,724.76,1
15637,128,223.36,1
15639,323,425.32,1
15640,6572,12416.11,1
15641,1562,1887.2,1
15643,246,664.0,1
15644,550,803.54,1
15645,256,612.01,1
15646,394,447.64,1
15648,218,639.5,1
15649,192,816.0,1
15651,479,646.3,1
15652,208,337.74,1
15653,1200,877.44,1
15654,475,922.53,1
15655,324,560.67,1
15656,343,748.5,1
15657,24,30.0,1
15658,242,1024.1,1
15659,111,306.45,1
15660,1050,1600.86,1
15661,236,309.8,1
15663,106,138.14,1
15664,157,386.43,1
15665,1654,2222.21,1
15667,240,301.32,1
15668,72,76.32,1
15669,342,684.34,1
15670,91,173.05,1
15671,1699,2657.13,1
15673,1451,2726.23,1
15674,1275,2446.6,1
15675,527,323.69,1
15676,2252,3435.76,1
15677,319,657.23,1
15678,184,352.7,1
15679,1170,781.28,1
15680,952,1333.68,1
15681,816,1426.16,1
15683,131,193.75,1
15687,1310,2993.1,1
15689,84,254.1,1
15690,408,239.76,1
15691,72,136.8,1
15692,138,191.04,1
15694,1677,6479.4,1
15695,212,409.98,1
15696,1015,2711.11,1
15699,113,309.65,1
15700,357,696.68,1
15701,912,1529.0,1
15703,66,211.5,1
15704,1028,2293.62,1
15705,62,143.1,1
15706,321,1060.56,1
15707,594,916.98,1
15708,1217,3235.25,1
15709,121,133.25,1
15712,486,1072.36,1
15713,150,356.7,1
15714,186,330.03,1
15716,738,1101.11,1
15717,70,150.3,1
15719,2718,5030.07,1
15720,281,598.73,1
15721,388,471.4,1
15722,1023,2211.21,1
15723,73,190.7,1
15724,73,218.25,1
15725,221,415.25,1
15727,3063,5159.06,1
15729,28,85.0,1
15730,689,1120.88,1
15732,215,294.12,1
15733,62,162.3,1
15734,346,1339.45,1
15737,597,1188.12,1
15738,2982,4812.42,1
15739,472,449.12,1
15740,152,154.88,1
15743,214,775.96,1
15744,120,34.8,1
15745,421,1094.59,1
15746,178,196.88,1
15747,466,946.64,1
15748,50,144.36,1
15749,18028,44534.3,3
15750,1783,2463.05,1
15752,1960,2626.6,1
15753,144,79.2,1
15754,199,458.57,1
15755,1427,2364.25,1
15756,241,528.01,1
15757,491,714.42,1
15758,47,205.25,1
15759,60,253.04,1
15762,251,583.75,1
15763,271,1086.92,1
15764,2050,3279.97,1
15766,170,315.06,1
15768,244,621.83,1
15769,29672,56252.72,3
15773,311,635.68,1
15774,87,270.8,1
15775,68,104.9,1
15776,138,241.62,1
15777,378,1047.11,1
15780,220,475.28,1
15781,180,345.46,1
15782,864,2614.74,1
15783,212,246.3,1
15785,1612,2328.97,1
15786,3340,4919.0,1
15787,534,933.26,1
15789,438,351.3,1
15790,113,218.75,1
15791,731,1612.69,1
15793,553,965.61,1
15795,581,610.01,1
15796,860,2708.61,1
15797,873,2207.4,1
15799,955,884.14,1
15800,332,696.89,1
15801,570,1063.95,1
15802,1,451.42,1
15803,290,415.82,1
15804,2565,4206.39,1
15805,3367,5488.18,1
15806,602,784.58,1
15807,430,903.9,1
15808,1305,3651.27,1
15809,301,515.77,1
15810,861,1391.98,1
15811,1071,2218.62,1
15812,922,1801.14,1
15813,603,1303.91,1
15814,1271,1945.33,1
15815,1856,2100.6,1
15819,1357,1905.45,1
15820,128,206.98,1
15821,202,570.96,1
15822,375,885.47,1
15823,1,15.0,1
15825,220,532.94,1
15826,963,1654.31,1
15827,882,1836.09,1
15829,996,636.14,1
15830,415,576.0,1
15831,1092,794.64,1
15832,465,836.79,1
15834,961,2225.15,1
15835,439,954.09,1
15836,26,137.37,1
15837,189,391.98,1
15838,18368,33643.08,3
15839,675,1048.49,1
15840,396,355.56,1
15841,942,1224.06,1
15843,27,118.95,1
15844,134,130.74,1
15845,1926,3711.77,1
15847,449,389.27,1
15850,298,234.88,1
15852,48,160.71,1
15853,135,110.8,1
15854,926,2969.12,1
15855,470,712.24,1
15856,10866,16143.64,1
15857,308,297.0,1
15858,1163,1427.57,1
15860,437,965.16,1
15861,2528,3146.92,1
15862,585,832.88,1
15863,19,68.84,1
15864,1192,1936.32,1
15865,368,895.13,1
15866,124,211.89,1
15867,2052,3810.14,1
15869,175,149.64,1
15870,333,351.44,1
15872,187,316.25,1
15874,2534,4405.88,1
15877,368,490.33,1
15880,202,329.03,1
15881,260,501.39,1
15882,276,516.36,1
15883,223,396.48,1
15885,111,379.35,1
15886,147,181.09,1
15888,76,168.31,1
15889,206,420.07,1
15891,418,511.68,1
15894,164,258.25,1
15895,94,179.17,1
15897,223,208.59,1
15898,567,1383.83,1
15899,39,56.25,1
15900,216,337.28,1
15901,379,351.73,1
15903,2410,5126.76,1
15904,84,164.68,1
15906,544,1567.69,1
15907,478,882.72,1
15909,98,191.94,1
15910,1013,1228.88,1
15912,185,264.62,1
15916,752,1502.86,1
15917,42,123.1,1
15918,153,334.23,1
15919,385,525.69,1
15920,99,167.5,1
15921,162,323.03,1
15922,138,369.5,1
15923,122,127.08,1
15925,93,207.15,1
15930,139,426.63,1
15932,2325,2495.87,1
15933,885,1107.46,1
15935,115,416.86,1
15937,73,145.35,1
15938,240,404.58,1
15939,4728,6115.01,1
15940,4,35.8,1
15942,232,337.44,1
15944,50,325.1,1
15945,52,181.0,1
15947,898,1708.24,1
15948,567,955.24,1
15949,284,364.72,1
15950,719,1744.71,1
15951,313,708.22,1
15952,391,781.91,1
15953,891,1657.28,1
15955,2135,4416.26,1
15957,211,428.89,1
15958,33,104.35,1
15963,298,470.76,1
15965,434,808.87,1
15967,205,397.68,1
15969,124,666.1,1
15970,116,314.1,1
15971,1717,4199.85,1
15973,106,307.82,1
15974,2262,3442.15,1
15975,243,371.01,1
15976,275,427.64,1
15977,1016,1054.73,1
15978,888,1098.78,1
15980,1560,2398.86,1
15981,1866,3408.48,1
15983,886,1465.12,1
15984,1815,2780.63,1
15985,1086,1142.42,1
15986,268,168.12,1
15987,1533,1432.77,1
15988,180,156.78,1
15990,443,792.11,1
15992,17,41.99,1
15993,2037,2777.67,1
15994,173,414.27,1
15996,380,1032.58,1
15998,2032,3080.22,1
16000,5110,12393.7,1
16003,1185,2735.37,1
16005,280,578.71,1
16006,84,101.4,1
16007,1388,1693.81,1
16008,323,478.78,1
16009,366,972.11,1
16010,202,392.4,1
16011,2035,3352.96,1
16012,799,1415.29,1
16013,15536,37130.6,3
16014,258,646.83,1
16015,907,704.55,1
16016,602,1465.51,1
16017,102,211.88,1
16018,190,408.9,1
16019,1733,3786.24,1
16020,487,851.01,1
16022,255,602.63,1
16023,358,719.81,1
16024,397,251.03,1
16025,338,439.66,1
16026,243,236.09,1
16027,1147,934.62,1
16029,40108,80850.84,3
16030,283,331.24,1
16031,421,547.9,1
16033,3529,8778.82,1
16034,242,437.7,1
16036,716,758.92,1
16037,428,855.02,1
16038,244,471.78,1
16040,684,1313.55,1
16041,1584,3166.4,1
16042,743,1177.47,1
16043,503,773.99,1
16045,897,1340.7,1
16048,144,256.44,1
16049,763,1074.81,1
16050,278,137.9,1
16052,282,362.06,1
16053,1793,1511.95,1
16054,380,783.9,1
16055,22,134.8,1
16056,345,650.75,1
16057,863,2263.12,1
16059,641,1453.16,1
16062,800,1153.62,1
16063,262,335.32,1
16065,228,367.14,1
16066,935,1521.04,1
16070,457,852.15,1
16071,180,326.24,1
16072,140,584.32,1
16073,48,122.4,1
16076,1435,2234.73,1
16078,16,79.2,1
16079,864,1352.0,1
16080,128,217.16,1
16081,1473,2799.42,1
16083,908,1317.62,1
16084,216,436.18,1
16085,636,981.51,1
16086,511,1121.39,1
16091,154,315.06,1
16092,628,817.86,1
16093,20,17.0,1
16094,647,1078.23,1
16096,155,320.62,1
16097,87,185.05,1
16098,613,2005.63,1
16099,434,731.9,1
16101,757,1290.7,1
16102,942,1842.14,1
16103,558,1429.64,1
16104,122,298.21,1
16105,330,336.96,1
16106,74,108.38,1
16107,1176,3204.16,1
16108,615,842.5,1
16109,612,611.88,1
16110,720,1320.95,1
16112,574,195.74,1
16113,176,161.38,1
16114,43,135.75,1
16115,994,1660.88,1
16116,248,612.78,1
16117,130,232.21,1
16119,240,423.36,1
16120,878,1309.14,1
16121,576,854.66,1
16122,1128,684.42,1
16123,170,307.78,1
16124,48,249.0,1
16125,124,289.35,1
16126,2125,6287.77,1
16127,323,656.25,1
16128,988,1880.22,1
16131,1802,3506.54,1
16133,8887,14589.04,1
16134,371,618.09,1
16135,209,517.55,1
16136,440,709.38,1
16139,330,635.41,1
16140,730,725.18,1
16141,238,620.4,1
16142,422,535.34,1
16143,919,2424.94,1
16144,16,175.2,1
16145,3123,3799.49,1
16146,427,734.13,1
16147,246,375.0,1
16148,72,76.32,1
16149,308,280.52,1
16150,1047,2053.02,1
16152,642,1829.04,1
16153,1073,1824.23,1
16156,1273,3092.04,1
16157,347,656.69,1
16159,236,348.2,1
16160,1162,1025.44,1
16161,2583,5533.67,1
16162,4,37.4,1
16163,192,856.6,1
16164,433,822.48,1
16168,1892,3787.6,1
16169,1325,1822.97,1
16170,1770,1885.05,1
16171,24,73.2,1
16172,787,1140.21,1
16173,575,1418.32,1
16174,651,1009.55,1
16175,533,1037.59,1
16177,95,331.95,1
16178,94,197.9,1
16179,99,215.83,1
16180,5867,10254.18,1
16181,152,305.54,1
16182,3791,6617.65,1
16183,113,338.71,1
16184,561,1158.79,1
16185,260,529.41,1
16186,3020,4006.94,1
16187,5048,6911.44,1
16188,782,981.86,1
16189,134,215.48,1
16190,88,215.08,1
16191,3351,5180.52,1
16193,219,314.45,1
16198,129,400.68,1
16200,516,1068.87,1
16201,1286,1863.47,1
16202,191,365.27,1
16203,262,592.9,1
16204,218,384.18,1
16205,516,757.63,1
16206,272,537.06,1
16207,140,394.38,1
16208,333,664.26,1
16209,1179,2262.62,1
16210,7559,21086.3,1
16211,154,547.02,1
16212,244,690.34,1
16213,48,159.0,1
16214,420,1062.75,1
16215,104,242.35,1
16216,254,914.93,1
16217,91,304.25,1
16218,2088,3084.68,1
16221,714,860.86,1
16222,325,773.55,1
16224,1116,1295.3,1
16225,493,1096.32,1
16226,192,255.12,1
16227,90,314.22,1
16229,318,1010.6,1
16230,365,542.03,1
16232,550,990.88,1
16233,174,536.68,1
16235,330,867.31,1
16236,184,432.2,1
16239,228,414.2,1
16240,1641,3718.8,1
16241,1443,2590.31,1
16242,1969,3579.86,1
16243,110,409.1,1
16244,855,1522.75,1
16245,1014,1413.66,1
16247,182,114.56,1
16248,78,152.94,1
16249,950,1800.07,1
16250,208,389.44,1
16253,3233,3683.86,1
16255,1767,2619.91,1
16256,581,752.43,1
16257,2,46.95,1
16258,2994,5203.51,1
16260,311,1035.45,1
16261,301,728.54,1
16265,2646,5447.0,1
16266,398,861.89,1
16268,533,667.65,1
16270,688,1141.24,1
16271,1024,1404.64,1
16272,224,411.7,1
16274,153,351.75,1
16275,336,559.87,1
16276,420,810.6,1
16278,114,566.38,1
16279,1046,1502.78,1
16281,934,2062.06,1
16282,114,168.3,1
16283,1236,1570.81,1
16284,535,812.68,1
16287,298,142.5,1
16292,191,302.25,1
16293,982,2248.99,1
16295,841,1328.55,1
16297,206,301.9,1
16298,198,598.2,1
16302,158,233.22,1
16303,2659,5360.63,1
16305,256,361.22,1
16306,487,632.27,1
16308,8000,2560.0,1
16309,467,706.57,1
16311,394,616.26,1
16313,165,274.15,1
16315,75,226.37,1
16316,1484,2938.91,1
16317,890,1341.65,1
16318,199,328.15,1
16319,72,404.4,1
16320,732,1038.46,1
16321,135,373.65,1
16322,231,326.75,1
16323,50,207.5,1
16324,270,408.59,1
16325,194,594.24,1
16326,682,3039.22,1
16327,2560,3820.27,1
16330,147,251.91,1
16332,797,1582.8,1
16333,32184,26626.8,3
16337,87,151.05,1
16338,94,214.8,1
16339,21,94.05,1
16340,486,534.31,1
16341,1398,1971.87,1
16342,157,322.41,1
16343,175,328.58,1
16344,18,101.1,1
16345,288,565.46,1
16347,341,847.45,1
16348,805,1415.65,1
16349,9,53.5,1
16350,545,1116.47,1
16351,90,153.9,1
16352,300,494.44,1
16353,2006,6675.71,1
16354,150,395.8,1
16356,93,211.77,1
16357,246,658.88,1
16358,1302,2027.5,1
16359,1183,1750.92,1
16360,2110,3450.41,1
16361,418,891.21,1
16362,340,709.99,1
16363,52,109.36,1
16364,279,705.79,1
16365,504,1540.42,1
16366,256,327.3,1
16367,643,800.67,1
16368,251,479.91,1
16369,1030,1545.41,1
16370,640,1301.91,1
16372,158,355.73,1
16374,237,466.73,1
16376,691,974.96,1
16377,1500,676.2,1
16378,267,362.95,1
16379,1410,2157.4,1
16380,1428,1743.15,1
16383,467,643.76,1
16384,260,584.5,1
16385,258,554.86,1
16386,205,302.57,1
16387,44,94.36,1
16389,1242,1382.07,1
16392,201,217.89,1
16393,1573,3040.96,1
16394,2604,1555.34,1
16395,1472,1482.06,1
16398,758,1705.8,1
16399,263,408.02,1
16400,172,303.93,1
16401,3882,4098.32,1
16402,146,293.45,1
16403,114,177.5,1
16404,157,443.05,1
16405,187,167.25,1
16406,116,154.35,1
16407,1093,2079.68,1
16409,1304,2022.98,1
16411,131,211.7,1
16412,63,135.99,1
16413,148,262.2,1
16414,27,126.25,1
16415,178,200.27,1
16416,672,1051.4,1
16418,280,631.12,1
16419,428,958.71,1
16422,33704,34684.4,3
16423,230,346.12,1
16424,88,133.56,1
16425,199,302.7,1
16426,1215,1863.76,1
16427,156,241.06,1
16429,9,284.55,1
16430,103,300.85,1
16431,442,623.28,1
16432,276,287.4,1
16433,106,184.26,1
16434,760,1511.8,1
16438,463,798.35,1
16440,2018,3640.67,1
16441,173,381.2,1
16442,443,609.3,1
16444,407,654.67,1
16445,111,230.51,1
16446,80997,168472.5,2
16447,221,255.91,1
16448,76,182.99,1
16449,367,707.69,1
16450,200,311.92,1
16451,120,266.97,1
16454,3,6.9,1
16455,988,1841.18,1
16456,1147,2158.18,1
16457,140,208.36,1
16458,2154,3482.74,1
16460,876,811.23,1
16461,48,142.92,1
16462,16,136.0,1
16463,1163,1422.4,1
16464,952,1298.66,1
16466,785,1595.96,1
16468,31,74.9,1
16469,260,625.42,1
16470,522,752.77,1
16471,141,223.95,1
16473,196,316.11,1
16474,909,1810.65,1
16475,319,544.3,1
16477,1415,2494.46,1
16478,224,331.0,1
16479,102,300.83,1
16480,455,769.29,1
16482,346,220.62,1
16483,44,139.35,1
16484,200,404.3,1
16485,235,363.65,1
16488,728,498.8,1
16491,478,731.5,1
16493,1164,1351.63,1
16494,675,826.53,1
16495,328,648.26,1
16496,1111,1599.52,1
16497,1396,2965.69,1
16498,45,100.97,1
16499,127,365.45,1
16500,123,400.86,1
16503,569,1431.93,1
16504,510,465.88,1
16505,576,777.6,1
16506,42,90.3,1
16509,64,363.7,1
16510,92,248.1,1
16511,405,918.33,1
16513,407,874.59,1
16515,826,1624.14,1
16516,58,101.7,1
16517,96,162.7,1
16518,327,484.32,1
16519,54,215.08,1
16520,558,1046.57,1
16523,4265,9418.47,1
16525,7397,13027.45,1
16526,106,290.36,1
16527,106,228.06,1
16528,171,244.41,1
16529,198,455.25,1
16531,915,1244.59,1
16532,2016,6748.8,1
16533,611,1082.81,1
16535,356,593.75,1
16536,250,548.12,1
16539,477,1388.81,1
16542,46,119.62,1
16545,78,339.3,1
16546,549,787.15,1
16549,2294,4034.9,1
16550,1540,2298.97,1
16551,970,922.12,1
16552,219,379.73,1
16553,4600,5719.82,1
16554,402,837.1,1
16555,175,285.89,1
16556,1890,3313.79,1
16557,111,281.85,1
16558,5377,8338.49,1
16560,500,841.41,1
16561,244,511.12,1
16563,486,1077.74,1
16565,46,173.7,1
16566,362,614.66,1
16567,996,865.6,1
16569,93,124.2,1
16570,2112,3738.4,1
16571,1239,1421.69,1
16572,532,1009.6,1
16573,360,663.61,1
16574,416,451.44,1
16581,134,105.84,1
16582,164,313.62,1
16583,111,233.45,1
16584,646,936.08,1
16586,95,463.95,1
16587,71,225.15,1
16589,368,459.24,1
16591,41,213.5,1
16592,2927,4113.68,1
16593,116,330.03,1
16594,64,181.09,1
16595,335,360.16,1
16596,97,250.15,1
16597,184,90.04,1
16598,73,145.05,1
16600,1145,813.52,1
16601,133,242.7,1
16602,336,528.08,1
16603,480,482.47,1
16607,2859,3347.71,1
16609,2420,5493.46,1
16610,66,75.66,1
16611,47,129.49,1
16612,506,1187.66,1
16613,293,618.59,1
16614,223,506.19,1
16616,370,500.42,1
16617,91,151.85,1
16618,1363,2647.59,1
16619,133,226.21,1
16620,88,178.96,1
16621,302,813.48,1
16623,39,129.45,1
16624,488,810.57,1
16625,164,333.08,1
16626,2690,4413.1,1
16627,162,322.8,1
16628,1205,2188.05,1
16629,489,408.63,1
16633,1138,2883.1,1
16634,82,217.9,1
16637,927,1154.47,1
16638,1255,1680.72,1
16639,510,1257.51,1
16641,256,231.1,1
16642,479,688.33,1
16643,269,487.51,1
16644,826,833.78,1
16647,146,214.06,1
16648,281,290.66,1
16650,372,518.42,1
16652,3283,6773.97,1
16653,733,1212.66,1
16654,282,601.27,1
16655,2363,3789.52,1
16656,8894,8625.8,1
16657,1130,874.43,1
16658,40,123.24,1
16659,72,39.12,1
16660,571,1267.65,1
16665,59,135.4,1
16666,233,118.98,1
16667,236,567.18,1
16668,318,306.72,1
16669,881,1348.88,1
16670,2556,4095.9,1
16671,875,1692.27,1
16672,2832,8134.94,1
16674,181,304.24,1
16676,636,1592.12,1
16678,2397,3109.99,1
16679,29,129.75,1
16680,94,183.7,1
16681,1407,1770.34,1
16682,1040,1028.0,1
16684,50255,66653.56,3
16685,396,324.24,1
16686,1977,2959.88,1
16688,804,1260.86,1
16689,330,422.6,1
16690,138,225.58,1
16692,152,1276.0,1
16693,203,477.86,1
16696,146,657.9,1
16697,27,112.75,1
16698,840,1998.0,1
16700,4024,5076.55,1
16701,6393,5398.3,1
16705,5476,14034.99,1
16706,249,531.35,1
16708,285,656.63,1
16709,851,3029.87,1
16710,1823,2467.99,1
16711,833,1651.03,1
16712,1730,3611.31,1
16713,4271,6910.78,1
16714,589,1129.06,1
16715,642,301.72,1
16716,120,901.2,1
16717,1860,3843.08,1
16718,407,606.05,1
16719,1175,1770.22,1
16720,180,152.95,1
16721,172,292.47,1
16722,5001,4730.81,1
16723,398,576.4,1
16725,288,758.27,1
16726,945,1358.74,1
16727,167,256.32,1
16728,671,1048.28,1
16729,5722,7205.33,1
16730,994,743.11,1
16732,317,603.75,1
16734,345,646.76,1
16735,1532,2247.41,1
16737,288,417.6,1
16738,3,3.75,1
16739,172,323.0,1
16742,1,464.9,1
16743,2035,2213.13,1
16744,798,1291.91,1
16745,6719,7180.7,1
16746,4660,6680.11,1
16747,583,836.06,1
16748,880,1515.9,1
16750,214,623.93,1
16751,1031,1764.72,1
16752,54,207.5,1
16753,189,223.92,1
16754,4280,2002.4,1
16755,1058,1475.43,1
16756,106,239.4,1
16757,81,106.83,1
16758,203,369.34,1
16759,609,789.79,1
16761,341,316.62,1
16762,480,1207.24,1
16763,319,611.85,1
16764,1253,2790.95,1
16765,4,34.0,1
16766,536,1145.6,1
16767,4423,5575.56,1
16768,196,478.09,1
16769,80,361.54,1
16770,456,757.1,1
16771,1487,2242.61,1
16773,171,171.59,1
16774,322,661.52,1
16775,439,1691.51,1
16776,254,371.54,1
16777,62,222.62,1
16778,194,245.94,1
16779,5301,10611.72,1
16780,270,422.24,1
16781,113,311.25,1
16782,705,2267.95,1
16784,24,107.6,1
16788,304,594.39,1
16789,32,80.8,1
16790,898,1545.62,1
16791,757,1705.78,1
16792,44,110.38,1
16793,146,243.84,1
16794,923,1196.5,1
16795,239,414.88,1
16796,186,305.62,1
16800,524,1162.65,1
16801,493,1594.23,1
16803,245,332.3,1
16804,246,536.99,1
16805,539,460.59,1
16806,356,762.16,1
16807,778,1121.59,1
16808,196,288.42,1
16809,652,914.69,1
16810,114,309.54,1
16811,477,547.07,1
16812,81,479.35,1
16813,1501,1652.18,1
16814,2697,6416.7,1
16816,274,417.06,1
16817,822,1604.75,1
16818,2164,3349.57,1
16820,307,497.61,1
16823,136,358.38,1
16824,236,460.64,1
16825,566,775.18,1
16826,158,341.7,1
16828,59,128.5,1
16829,99,197.22,1
16830,264,325.91,1
16832,33,199.15,1
16833,440,1106.53,1
16834,358,413.46,1
16835,61,180.85,1
16836,165,251.87,1
16837,1563,3170.98,1
16838,185,588.85,1
16839,8975,16594.35,1
16841,2250,1869.82,1
16842,693,1264.19,1
16843,10159,10196.57,1
16846,135,214.32,1
16847,78,193.44,1
16848,182,281.42,1
16849,33,124.57,1
16850,249,332.41,1
16851,271,342.45,1
16852,56,144.91,1
16855,164,328.4,1
16856,12,35.4,1
16858,91,375.69,1
16859,827,747.81,1
16861,140,173.76,1
16863,409,502.8,1
16866,60,207.74,1
16869,583,817.12,1
16871,1253,2812.34,1
16872,600,680.02,1
16873,3840,7123.62,1
16875,1069,2095.53,1
16877,458,846.62,1
16878,12,13.3,1
16880,746,1491.43,1
16881,600,432.0,1
16882,424,705.12,1
16883,103,272.48,1
16884,320,429.84,1
16885,178,450.41,1
16887,156,192.33,1
16889,925,1578.67,1
16891,265,742.43,1
16892,236,518.19,1
16893,62,145.93,1
16895,91,202.27,1
16897,73,289.78,1
16898,412,501.03,1
16899,520,1271.06,1
16900,833,887.11,1
16902,629,1706.88,1
16903,247,363.2,1
16904,1984,3653.75,1
16905,1381,3037.6,1
16906,263,559.59,1
16907,286,928.76,1
16909,436,379.14,1
16910,884,1508.96,1
16912,1025,2555.58,1
16913,82,113.44,1
16914,112,183.76,1
16915,132,621.68,1
16916,431,562.41,1
16917,232,391.52,1
16918,721,1068.82,1
16919,1403,2592.25,1
16921,154,154.18,1
16923,3344,7069.08,1
16924,467,829.89,1
16926,35,230.25,1
16927,993,543.05,1
16928,2092,2814.7,1
16929,929,1295.39,1
16930,339,378.89,1
16931,3134,4554.87,1
16932,82,150.23,1
16933,288,563.23,1
16934,397,931.03,1
16936,171,261.9,1
16938,2533,2711.68,1
16940,2169,3049.88,1
16942,805,1904.99,1
16943,145,816.73,1
16945,2725,4345.5,1
16947,312,406.48,1
16948,1614,435.02,1
16949,791,1286.27,1
16950,644,1178.56,1
16951,1318,1277.75,1
16952,92,167.61,1
16953,10,20.8,1
16954,1054,2085.08,1
16955,266,518.67,1
16956,114,308.74,1
16957,172,416.64,1
16959,49,117.35,1
16960,304,507.05,1
16961,125,234.17,1
16963,35,110.55,1
16965,291,201.19,1
16966,1981,2154.97,1
16967,333,319.02,1
16968,326,439.43,1
16969,816,650.41,1
16971,72,357.21,1
16976,88,251.52,1
16978,166,344.33,1
16979,865,1852.0,1
16980,739,1028.46,1
16982,182,384.06,1
16983,1335,1905.87,1
16984,2380,4459.52,1
16985,1832,5464.12,1
16986,1040,1873.2,1
16987,401,1616.8,1
16988,43,126.12,1
16989,1233,1133.25,1
16990,100,179.0,1
16992,860,1614.31,1
16996,544,1456.96,1
16997,360,702.0,1
16998,76,295.0,1
16999,294,484.82,1
17001,2164,3989.57,1
17002,679,1493.73,1
17004,771,1312.14,1
17006,272,781.78,1
17007,597,889.93,1
17010,118,195.36,1
17011,186,270.9,1
17014,243,583.43,1
17015,1978,1838.61,1
17017,6673,8694.26,1
17018,176,920.1,1
17019,820,1258.08,1
17022,108,71.0,1
17024,69,95.85,1
17025,235,357.77,1
17026,97,154.83,1
17027,416,877.56,1
17029,400,716.0,1
17030,146,146.87,1
17031,235,380.35,1
17033,750,1030.14,1
17034,410,745.52,1
17035,229,433.53,1
17037,656,1267.32,1
17038,28,112.4,1
17040,181,449.73,1
17041,927,1071.49,1
17042,990,1036.58,1
17043,998,1735.18,1
17044,504,948.48,1
17045,106,339.44,1
17046,510,642.02,1
17047,533,1100.9,1
17048,485,925.35,1
17049,2673,5655.03,1
17050,1595,3185.64,1
17051,179,240.89,1
17052,251,399.09,1
17053,122,498.48,1
17054,804,1356.33,1
17058,592,1179.89,1
17059,1850,3080.39,1
17060,216,234.24,1
17061,1526,5232.23,1
17062,418,533.33,1
17063,770,1461.14,1
17064,316,855.45,1
17068,2164,4552.14,1
17069,1506,2709.7,1
17070,131,304.24,1
17071,1197,2429.03,1
17073,759,1446.09,1
17075,292,834.12,1
17076,295,841.08,1
17078,788,378.2,1
17079,24,118.8,1
17080,166,287.62,1
17081,77,288.91,1
17082,1049,2003.85,1
17083,772,1405.78,1
17084,1702,2747.99,1
17085,785,1562.4,1
17086,1859,2050.08,1
17088,868,1991.01,1
17090,903,1974.65,1
17091,1746,3827.76,1
17092,1130,1774.03,1
17094,152,302.0,1
17095,618,1324.16,1
17096,339,1022.13,1
17097,459,954.42,1
17100,800,971.74,1
17101,815,1621.73,1
17102,2,25.5,1
17105,693,665.78,1
17107,4826,10797.48,1
17109,588,881.29,1
17110,50,163.3,1
17111,282,231.61,1
17114,215,801.12,1
17115,372,837.5,1
17117,68,116.2,1
17118,154,157.02,1
17119,334,606.91,1
17120,120,307.46,1
17122,80,138.32,1
17123,246,345.3,1
17124,129,294.24,1
17125,281,230.5,1
17126,780,989.45,1
17128,76,157.09,1
17131,983,2463.17,1
17133,2730,4892.24,1
17134,98,413.2,1
17135,1224,1139.73,1
17138,126,380.5,1
17139,5176,10650.77,1
17140,296,454.12,1
17142,81,579.0,1
17144,483,984.57,1
17146,212,749.78,1
17147,882,1714.59,1
17148,82,124.88,1
17152,517,1689.5,1
17153,104,213.78,1
17154,490,329.34,1
17155,242,251.7,1
17157,172,319.0,1
17158,778,1266.97,1
17159,1111,1538.88,1
17160,2856,3518.03,1
17162,1001,1715.46,1
17163,66,293.1,1
17164,1501,2467.35,1
17165,100,158.68,1
17166,78,206.34,1
17169,526,835.78,1
17171,185,224.91,1
17172,480,317.76,1
17173,1122,3766.6,1
17174,41,59.9,1
17175,866,1443.69,1
17176,170,306.13,1
17179,290,711.79,1
17180,670,783.97,1
17181,241,239.92,1
17183,1296,3347.31,1
17186,200,144.0,1
17187,144,203.95,1
17188,1328,2474.23,1
17189,226,383.75,1
17190,161,444.74,1
17191,1166,2093.68,1
17193,1254,1699.3,1
17194,119,262.62,1
17197,191,1013.01,1
17198,357,692.22,1
17201,231,289.78,1
17203,2846,3560.08,1
17204,646,1564.56,1
17205,884,384.08,1
17206,76,204.24,1
17211,1323,2317.22,1
17212,147,226.85,1
17213,1176,2781.23,1
17214,272,1059.12,1
17217,24,113.5,1
17218,955,1951.97,1
17219,89,114.23,1
17220,1897,3187.55,1
17221,287,334.48,1
17222,122,328.65,1
17223,110,416.89,1
17226,406,393.49,1
17227,741,939.32,1
17228,1532,1906.09,1
17229,185,318.76,1
17230,1651,3638.41,1
17231,1724,3124.72,1
17232,202,417.77,1
17233,131,190.88,1
17234,55,149.89,1
17235,224,550.06,1
17236,474,916.13,1
17237,105,314.69,1
17238,1807,3719.1,1
17239,150,382.5,1
17242,611,1135.04,1
17243,3320,8540.05,1
17244,616,954.9,1
17245,75,171.45,1
17247,105,280.09,1
17248,213,318.65,1
17250,167,381.97,1
17251,108,269.83,1
17252,192,348.91,1
17253,43,178.26,1
17254,251,271.19,1
17255,227,291.48,1
17256,141,240.0,1
17259,388,581.23,1
17262,367,1253.36,1
17263,36,63.44,1
17265,389,550.01,1
17266,153,296.58,1
17267,158,317.2,1
17268,844,763.64,1
17272,1778,2148.63,1
17274,77,107.82,1
17277,430,1065.35,1
17278,179,246.04,1
17279,48,187.83,1
17282,1866,1685.46,1
17284,1362,1647.48,1
17286,117,151.37,1
17287,556,1049.06,1
17288,1201,1417.63,1
17289,513,931.02,1
17290,397,513.01,1
17291,72,550.8,1
17293,1135,1854.06,1
17295,293,547.0,1
17297,65,128.18,1
17298,387,498.42,1
17299,668,656.61,1
17301,137,163.24,1
17302,575,1135.63,1
17303,144,250.04,1
17306,11491,8631.31,1
17309,41,82.75,1
17311,1005,1384.85,1
17312,372,644.3,1
17313,1402,2328.84,1
17314,1896,2527.92,1
17315,3863,6281.23,1
17317,1146,2600.34,1
17320,634,1200.62,1
17321,364,657.16,1
17323,760,906.52,1
17324,843,986.48,1
17325,60,96.8,1
17329,142,523.11,1
17330,120,363.9,1
17331,16,175.2,1
17333,375,494.25,1
17334,315,307.02,1
17337,1247,1981.06,1
17338,3059,6493.54,1
17339,152,243.36,1
17340,5967,12353.29,1
17341,443,682.29,1
17343,56,193.64,1
17344,65,157.62,1
17345,341,519.69,1
17346,1617,2622.88,1
17347,216,228.96,1
17348,1398,1156.6,1
17349,102,98.25,1
17350,770,1281.32,1
17351,113,587.15,1
17353,1200,1740.0,1
17354,1006,1393.06,1
17356,166,178.22,1
17357,152,384.39,1
17358,190,360.81,1
17359,161,127.86,1
17360,328,568.24,1
17361,157,488.2,1
17362,191,312.23,1
17364,2692,4462.68,1
17365,4749,4767.36,1
17367,149,167.55,1
17368,1377,1878.87,1
17370,540,446.18,1
17371,151,418.4,1
17372,747,1337.18,1
17373,408,646.92,1
17374,85,495.77,1
17375,367,400.1,1
17376,86,203.2,1
17377,2038,4058.32,1
17379,623,389.72,1
17381,25649,20275.61,3
17382,25,65.4,1
17383,148,193.39,1
17384,88,336.4,1
17385,197,256.11,1
17386,1902,2686.42,1
17387,522,746.81,1
17388,1068,1259.56,1
17389,7612,31833.68,1
17391,480,508.8,1
17392,277,417.27,1
17394,241,203.87,1
17396,2005,7330.8,1
17397,250,681.41,1
17398,310,653.38,1
17400,1088,2097.84,1
17402,701,2633.85,1
17403,111,263.92,1
17404,32748,31906.82,3
17405,726,1031.41,1
17406,780,2184.42,1
17408,3,32.65,1
17409,105,771.85,1
17410,616,1214.72,1
17411,306,778.94,1
17412,738,1258.06,1
17414,2100,778.0,1
17415,114,507.84,1
17416,4302,6893.42,1
17418,289,463.46,1
17419,1876,4226.57,1
17420,265,598.83,1
17422,2253,1979.37,1
17423,459,698.41,1
17425,407,759.17,1
17426,3094,5037.26,1
17427,34,100.8,1
17428,9474,17256.85,1
17429,624,524.92,1
17430,190,265.76,1
17431,292,403.3,1
17432,207,365.76,1
17433,185,303.16,1
17434,1693,2373.82,1
17436,90,216.3,1
17438,103,388.45,1
17440,246,186.42,1
17442,1496,2248.56,1
17443,504,534.24,1
17444,2119,2940.04,1
17446,198,120.9,1
17447,443,541.53,1
17449,1121,2519.21,1
17450,69973,194390.79,2
17451,1203,1721.4,1
17453,219,486.72,1
17454,243,517.53,1
17455,66,131.7,1
17456,222,249.86,1
17457,826,1737.7,1
17458,170,316.5,1
17459,537,657.3,1
17460,236,622.43,1
17461,770,735.82,1
17462,227,675.69,1
17463,1086,1875.86,1
17464,220,289.96,1
17466,306,763.28,1
17468,116,137.0,1
17469,787,1870.97,1
17470,1675,1125.07,1
17472,455,697.54,1
17475,178,194.37,1
17480,338,511.82,1
17481,1061,1255.59,1
17483,191,414.04,1
17486,191,396.87,1
17489,428,376.64,1
17490,1134,2092.32,1
17491,2013,3558.87,1
17492,155,374.57,1
17495,229,497.56,1
17496,79,271.05,1
17498,394,272.22,1
17499,711,622.88,1
17500,17,1138.0,1
17501,160,288.6,1
17502,376,689.1,1
17503,486,558.96,1
17504,1664,2997.03,1
17505,556,1145.84,1
17506,139,302.2,1
17507,359,605.58,1
17508,289,387.31,1
17509,3512,6083.64,1
17510,214,308.48,1
17511,64549,91062.38,3
17512,2753,2924.99,1
17513,254,513.2,1
17514,135,208.65,1
17515,243,639.02,1
17516,414,764.88,1
17517,102,153.94,1
17519,1236,1844.02,1
17520,365,546.81,1
17521,519,723.21,1
17522,1034,1070.71,1
17523,872,652.74,1
17524,90,145.0,1
17525,82,422.7,1
17526,310,1195.9,1
17527,488,939.37,1
17528,2138,3628.5,1
17530,1514,2367.12,1
17531,136,296.7,1
17534,103,223.36,1
17535,136,164.4,1
17536,6,76.5,1
17537,699,887.67,1
17538,134,98.42,1
17540,194,578.9,1
17542,134,170.75,1
17545,337,642.32,1
17548,58,103.3,1
17549,210,148.86,1
17550,86,267.16,1
17551,142,290.34,1
17552,719,930.41,1
17553,1048,1487.6,1
17554,1763,1952.45,1
17555,348,480.31,1
17556,101,157.9,1
17557,306,541.46,1
17560,635,854.95,1
17561,144,165.12,1
17562,817,1122.38,1
17564,146,454.01,1
17566,497,869.77,1
17567,2632,4331.48,1
17569,159,344.14,1
17571,876,1425.67,1
17572,95,226.75,1
17573,308,380.6,1
17574,77,185.65,1
17576,1967,3564.83,1
17578,138,143.46,1
17579,258,448.9,1
17580,88,215.72,1
17581,5915,11025.24,1
17582,123,175.27,1
17584,458,1242.3,1
17585,1650,1116.68,1
17588,676,1240.2,1
17589,1631,2404.17,1
17590,822,1468.02,1
17591,1000,2203.67,1
17593,3089,3923.86,1
17594,550,993.18,1
17595,228,386.69,1
17596,4376,2806.69,1
17597,1176,2044.37,1
17600,144,161.67,1
17601,103,116.01,1
17602,4116,5054.42,1
17603,74,394.72,1
17604,169,309.36,1
17608,229,191.99,1
17609,719,1105.78,1
17611,2550,3961.12,1
17612,1808,2048.45,1
17613,2490,4544.55,1
17614,235,386.32,1
17615,140,329.6,1
17616,224,571.2,1
17618,319,930.28,1
17619,124,214.37,1
17620,60,81.44,1
17621,514,1379.9,1
17623,265,527.05,1
17624,554,843.48,1
17625,1180,2020.4,1
17628,79,75.75,1
17629,1629,1814.12,1
17630,158,503.6,1
17631,334,528.33,1
17633,644,1324.84,1
17634,838,2358.59,1
17636,182,285.56,1
17637,280,547.06,1
17639,49,108.5,1
17640,250,621.66,1
17642,474,712.29,1
17643,71,101.55,1
17644,1793,2895.64,1
17646,323,1008.39,1
17647,30,133.06,1
17648,487,1797.5,1
17649,399,868.49,1
17650,150,166.08,1
17651,3112,3945.0,1
17652,2509,4867.72,1
17653,1409,1207.56,1
17654,41,117.55,1
17655,1116,2638.94,1
17656,1399,1674.69,1
17658,616,595.42,1
17659,1525,2999.46,1
17660,121,178.75,1
17663,797,1802.91,1
17664,604,604.64,1
17666,596,728.16,1
17667,1033,2055.51,1
17668,93,347.75,1
17669,1916,3406.72,1
17670,110,205.7,1
17671,772,1572.71,1
17672,1690,3178.17,1
17673,1462,1594.97,1
17674,672,551.04,1
17675,8360,20374.28,1
17676,922,1371.18,1
17677,9772,16345.38,1
17678,207,298.11,1
17679,729,1992.11,1
17680,96,184.4,1
17682,1367,2474.33,1
17684,145,239.41,1
17685,1907,3155.83,1
17686,2478,5739.46,1
17690,1769,4726.8,1
17691,134,290.4,1
17692,672,740.94,1
17693,231,200.47,1
17694,184,283.12,1
17695,779,765.34,1
17696,1756,2285.71,1
17697,93,338.95,1
17698,93,154.95,1
17700,1266,2534.64,1
17701,109,417.95,1
17702,1353,1824.37,1
17703,590,798.74,1
17704,343,885.19,1
17705,963,1823.52,1
17706,3899,10504.49,1
17707,144,152.4,1
17708,90,263.33,1
17709,17,137.45,1
17711,246,385.1,1
17712,215,522.91,1
17714,92,153.0,1
17715,384,326.4,1
17716,3072,5655.99,1
17718,83,139.35,1
17719,2466,5396.04,1
17720,576,1195.94,1
17722,1595,2424.04,1
17723,792,3276.4,1
17724,300,1033.0,1
17725,2162,3439.08,1
17727,645,1060.25,1
17728,1469,2876.01,1
17730,3576,5298.48,1
17731,493,1240.11,1
17732,93,303.97,1
17733,463,692.19,1
17734,422,700.63,1
17735,8439,13110.02,1
17736,238,377.44,1
17737,108,168.24,1
17738,1029,1879.05,1
17739,861,2791.35,1
17742,89,355.11,1
17744,3412,2322.4,1
17746,29,110.25,1
17747,12,71.4,1
17749,320,674.52,1
17750,3747,1710.45,1
17752,192,80.64,1
17754,1816,1664.65,1
17757,3318,5593.39,1
17758,2054,3408.2,1
17759,697,819.96,1
17760,239,287.59,1
17761,398,712.78,1
17763,12,15.0,1
17764,351,772.55,1
17765,143,367.63,1
17767,128,271.2,1
17768,1122,2081.9,1
17769,1850,3957.43,1
17770,365,1143.27,1
17771,287,245.81,1
17772,55,173.45,1
17774,508,1213.73,1
17775,72,56.4,1
17777,501,647.56,1
17779,396,650.32,1
17781,34,188.02,1
17783,354,283.47,1
17785,67,131.94,1
17786,195,266.85,1
17787,896,1817.54,1
17788,211,1117.9,1
17789,74,225.9,1
17790,835,1964.3,1
17791,46,106.1,1
17793,226,300.34,1
17795,305,342.83,1
17796,176,690.0,1
17797,498,780.43,1
17799,1753,3039.17,1
17800,732,1187.21,1
17802,752,1285.04,1
17805,478,512.31,1
17806,727,546.04,1
17809,2057,5411.91,1
17811,4146,7761.82,1
17812,329,699.81,1
17813,752,1698.07,1
17816,30,36.56,1
17817,67,387.68,1
17819,1031,3704.87,1
17824,408,298.4,1
17827,1240,1987.33,1
17828,667,1820.09,1
17829,496,889.24,1
17830,92,398.7,1
17831,12,35.4,1
17832,208,155.37,1
17835,344,342.24,1
17836,88,110.21,1
17837,510,1541.23,1
17838,1831,2720.8,1
17839,257,318.15,1
17841,22834,40519.84,3
17843,113,205.48,1
17844,52,51.56,1
17846,1,2033.1,1
17848,398,901.2,1
17849,114,605.8,1
17850,1733,5391.21,1
17852,53,114.34,1
17854,84,311.26,1
17855,197,208.97,1
17856,842,1418.03,1
17857,19256,26879.04,3
17858,2694,5140.66,1
17859,102,141.92,1
17860,93,226.45,1
17861,1985,2097.88,1
17862,100,330.9,1
17863,2638,3160.0,1
17864,706,554.85,1
17865,5757,10526.32,1
17866,174,329.65,1
17867,508,1157.87,1
17869,111,428.18,1
17870,1351,1865.89,1
17871,182,155.9,1
17873,1035,1848.96,1
17874,221,683.46,1
17877,98,237.61,1
17878,401,379.45,1
17879,45,178.52,1
17880,314,458.92,1
17881,32,133.35,1
17883,374,664.34,1
17884,817,695.07,1
17885,110,156.34,1
17886,469,869.28,1
17887,30,111.35,1
17888,973,716.0,1
17889,77,201.37,1
17890,402,586.89,1
17891,393,203.86,1
17892,109,244.1,1
17893,149,107.21,1
17894,404,1118.96,1
17895,127,95.45,1
17896,288,256.32,1
17897,222,541.81,1
17898,190,152.06,1
17899,170,154.55,1
17900,73,112.2,1
17901,24,110.38,1
17904,59,181.07,1
17905,406,798.99,1
17906,26,72.9,1
17908,169,232.03,1
17911,223,366.23,1
17912,184,310.06,1
17913,288,408.65,1
17914,457,329.36,1
17917,184,335.03,1
17919,756,1304.04,1
17920,2473,4119.5,1
17921,425,820.23,1
17923,50,207.5,1
17924,1160,2962.5,1
17925,72,244.08,1
17926,306,397.29,1
17928,140,212.54,1
17929,108,843.0,1
17930,1594,1740.48,1
17931,249,408.36,1
17932,789,1331.57,1
17934,478,704.25,1
17935,82,145.79,1
17936,257,380.13,1
17937,1754,4301.22,1
17939,40,99.14,1
17940,9323,4020.04,1
17941,252,304.56,1
17942,38,77.5,1
17946,75,149.58,1
17947,168,176.68,1
17948,144,358.56,1
17949,30546,58510.48,3
17950,366,482.2,1
17951,616,1008.54,1
17954,2221,2314.13,1
17955,273,557.3,1
17956,1,12.75,1
17957,287,111.68,1
17958,84,508.46,1
17960,41,73.78,1
17961,560,1296.44,1
17962,127,102.41,1
17964,294,463.21,1
17965,1532,2599.19,1
17966,2571,1098.43,1
17967,73,112.27,1
17968,151,265.1,1
17969,152,228.2,1
17970,513,562.79,1
17972,36,135.19,1
17973,176,337.04,1
17974,500,703.99,1
17975,1565,4483.26,1
17976,93,321.79,1
17977,342,288.14,1
17978,499,300.92,1
17979,383,732.41,1
17980,682,811.45,1
17984,98,152.68,1
17985,171,631.35,1
17986,10,20.8,1
17987,261,198.57,1
17988,43,201.12,1
17990,414,630.84,1
17991,25,93.35,1
17994,495,674.89,1
17995,133,76.1,1
17997,2273,1962.46,1
17999,219,380.39,1
18001,362,415.13,1
18004,75,157.92,1
18005,86,226.47,1
18006,220,444.68,1
18008,1581,2116.19,1
18009,125,247.39,1
18010,60,174.8,1
18011,71,102.79,1
18013,285,187.29,1
18014,66,162.22,1
18015,157,120.03,1
18016,1027,1477.66,1
18017,300,523.0,1
18018,55,122.14,1
18019,7,38.45,1
18022,703,612.72,1
18024,184,389.78,1
18027,78,115.31,1
18030,67,230.65,1
18032,42,73.5,1
18033,252,93.82,1
18034,559,418.68,1
18035,584,713.89,1
18036,232,403.12,1
18037,20,70.02,1
18040,148,357.2,1
18041,3758,4097.37,1
18042,33,165.05,1
18043,265,529.29,1
18044,1033,2088.6,1
18045,138,178.34,1
18048,127,172.29,1
18050,40,74.4,1
18053,302,300.02,1
18055,2452,6761.34,1
18056,211,363.65,1
18058,88,170.16,1
18059,258,306.46,1
18061,955,2119.41,1
18062,396,720.52,1
18064,384,814.0,1
18065,1027,2392.83,1
18066,108,318.0,1
18067,189,396.33,1
18068,6,101.7,1
18069,1296,2009.24,1
18071,260,453.0,1
18072,288,247.44,1
18073,3102,3859.82,1
18074,190,489.6,1
18075,1464,2611.75,1
18077,1839,2584.41,1
18078,145,336.13,1
18079,7347,3613.15,1
18080,642,1231.5,1
18081,195,343.45,1
18082,608,680.84,1
18084,312,90.48,1
18085,265,689.95,1
18086,106,101.34,1
18087,3907,4055.72,1
18088,107,166.03,1
18092,4252,9068.26,1
18093,1392,2106.52,1
18094,2518,3017.3,1
18095,419,580.05,1
18096,788,849.06,1
18097,1662,2662.4,1
18099,149,168.31,1
18101,87,222.4,1
18102,64124,259657.3,2
18104,362,754.64,1
18105,46,113.48,1
18106,126,421.9,1
18108,84,271.0,1
18109,4230,8004.92,1
18110,72,198.8,1
18112,255,352.69,1
18113,72,76.32,1
18114,55,220.1,1
18116,837,1403.11,1
18117,605,315.65,1
18118,2865,5625.08,1
18119,124,180.7,1
18120,31,111.15,1
18121,438,653.3,1
18122,1225,1793.06,1
18123,582,574.44,1
18125,800,1131.75,1
18126,135,200.92,1
18127,187,347.08,1
18129,48,112.55,1
18130,824,1059.39,1
18133,1350,931.5,1
18135,349,681.91,1
18136,379,784.33,1
18138,38,152.65,1
18139,5557,8438.34,1
18142,1276,1019.52,1
18143,570,1000.16,1
18144,1343,2888.75,1
18145,2625,2861.55,1
18146,153,160.35,1
18147,203,179.34,1
18149,310,612.08,1
18150,332,566.58,1
18151,355,653.35,1
18154,255,399.19,1
18155,266,371.62,1
18156,283,675.64,1
18158,354,453.4,1
18159,139,530.15,1
18160,294,638.06,1
18161,812,1618.69,1
18164,184,399.65,1
18165,254,302.46,1
18167,382,1384.86,1
18168,592,1160.04,1
18169,61,202.65,1
18170,409,980.31,1
18171,481,1231.31,1
18172,3184,7561.68,1
18173,1220,2106.84,1
18174,50,104.0,1
18176,283,476.35,1
18177,709,1340.87,1
18178,983,1590.81,1
18179,1360,1793.17,1
18180,1721,1843.75,1
18181,133,366.85,1
18183,371,632.07,1
18184,60,49.8,1
18185,183,304.25,1
18188,1168,2001.04,1
18189,566,1090.24,1
18190,140,284.46,1
18191,140,207.8,1
18192,339,957.97,1
18193,124,243.76,1
18194,632,973.84,1
18196,431,686.63,1
18198,4074,5425.56,1
18200,104,150.35,1
18202,581,1396.99,1
18203,43,160.42,1
18204,1190,1975.35,1
18205,192,517.36,1
18209,58,139.1,1
18210,1398,2621.38,1
18211,359,600.07,1
18212,92,216.07,1
18213,232,232.48,1
18215,118,299.34,1
18216,200,481.75,1
18217,491,621.75,1
18218,536,641.92,1
18219,885,2069.77,1
18220,288,305.28,1
18221,791,1041.61,1
18222,335,443.0,1
18223,2948,6484.54,1
18224,69,158.95,1
18225,3242,5504.96,1
18226,3466,5228.05,1
18227,21,93.75,1
18228,238,779.9,1
18229,2488,7276.9,1
18230,1316,2810.2,1
18231,819,2071.77,1
18232,302,592.97,1
18233,4,440.0,1
18235,1578,1796.48,1
18236,403,882.24,1
18237,622,987.1,1
18239,795,1561.61,1
18240,126,422.58,1
18241,1051,2073.09,1
18242,1017,2232.49,1
18245,1788,2567.06,1
18246,166,596.1,1
18248,511,804.02,1
18249,128,95.34,1
18250,199,349.27,1
18251,7824,4314.72,1
18252,234,518.27,1
18255,74,103.3,1
18257,1041,2337.63,1
18259,714,2338.6,1
18260,1475,2628.35,1
18261,146,324.24,1
18262,182,149.48,1
18263,1468,1213.16,1
18265,311,801.51,1
18268,2,25.5,1
18269,76,168.6,1
18270,101,283.15,1
18272,2050,3078.58,1
18273,80,204.0,1
18274,88,175.92,1
18276,186,335.86,1
18277,68,110.38,1
18278,66,173.9,1
18280,45,180.6,1
18281,54,80.82,1
18282,103,178.05,1
18283,1357,2045.53,1
18287,1586,1837.28,1
