CustomerID,X,Y,DistanceC1,DistanceC2,DistanceC3,Cluster
12391,293.0,439.66,275.21,397.53,2550.64,1
12444,1153.0,5005.46,4890.13,4256.16,2322.5,3
12483,1110.0,2484.98,2466.7,1804.94,418.67,3
12502,820.0,3723.87,3567.53,2939.01,1207.41,3
12531,45.0,125.22,125.33,789.38,2944.9,1
12558,196.0,269.96,88.03,591.61,2745.96,1
12580,238.0,415.7,223.71,441.95,2597.5,1
12616,284.0,713.3,514.47,181.78,2315.71,2
12638,577.0,671.69,638.62,195.89,2218.73,2
12657,1044.0,1643.18,1692.1,1030.4,1142.14,2
12759,902.0,1531.44,1522.04,857.93,1301.65,2
12775,877.0,1386.04,1385.49,724.39,1444.07,2
12793,295.0,545.48,364.57,300.53,2456.22,2
12866,171.0,559.12,337.31,366.27,2506.05,1
12933,499.0,607.53,538.06,211.23,2309.23,2
12942,198.0,675.6,456.62,275.01,2392.67,2
12970,268.0,405.47,232.91,438.62,2592.51,1
13023,286.0,689.9,493.02,193.63,2334.85,2
13140,185.0,422.47,207.25,462.65,2617.08,1
13145,145.0,618.52,393.62,349.95,2469.21,2
13243,232.0,585.12,376.49,304.85,2452.56,2
13299,30.0,142.5,122.5,782.16,2937.09,1
13339,326.0,860.12,667.05,122.85,2168.38,2
13348,136.0,233.76,18.0,650.41,2806.05,1
13452,2.0,590.0,382.9,488.31,2572.01,1
13455,354.0,1058.34,864.92,262.39,1986.7,2
13544,112.0,276.06,50.97,625.44,2780.49,1
13551,12.0,91.8,171.97,834.88,2990.13,1
13571,1757.0,2088.94,2480.27,1837.35,680.35,3
13649,139.0,346.6,122.39,551.34,2705.76,1
13658,1019.0,2639.17,2575.5,1919.42,452.37,3
13700,2281.0,2248.63,2960.16,2338.1,933.12,3
13873,140.0,389.6,165.12,515.16,2667.88,1
14040,1544.0,3560.32,3625.98,2964.55,859.57,3
14083,705.0,1002.9,972.82,329.47,1864.05,2
14124,1618.0,419.58,1510.59,1242.79,2289.66,2
14142,313.0,311.81,211.42,513.43,2656.06,1
14219,78.0,89.94,142.08,804.87,2960.22,1
14240,418.0,890.34,728.42,83.02,2095.21,2
14438,82.0,131.9,101.17,765.7,2921.34,1
14540,411.0,952.66,783.07,145.42,2045.1,2
14621,993.0,1788.36,1790.02,1124.98,1031.11,3
14633,96.0,344.9,121.57,577.16,2728.59,1
14720,219.0,663.81,449.17,263.24,2391.65,2
14859,671.0,1353.74,1255.46,591.74,1567.46,2
14891,505.0,554.38,506.29,264.03,2355.14,2
14904,1985.0,1025.44,2029.33,1561.9,1756.99,2
14946,22.0,100.9,158.62,821.96,2977.32,1
15027,565.0,1066.15,951.03,286.08,1869.85,2
15104,635.0,993.54,924.61,269.36,1902.14,2
15107,169.0,319.5,105.87,559.26,2714.94,1
15109,131.0,484.95,259.48,446.99,2590.22,1
15211,240.0,894.41,679.4,215.38,2186.36,2
15237,1071.0,1412.32,1520.74,873.88,1351.15,2
15269,26.0,408.8,205.77,574.96,2710.08,1
15287,433.0,486.69,407.61,323.13,2446.62,2
15315,862.0,570.5,818.29,486.81,2217.76,2
15408,106.0,267.18,43.74,636.14,2791.17,1
15447,85.0,155.17,78.7,743.75,2899.44,1
15467,310.0,524.88,354.46,312.36,2467.28,2
15511,269.0,900.53,691.1,191.88,2165.12,2
15606,892.0,2920.16,2802.89,2158.65,613.89,3
15658,242.0,1024.1,807.68,290.47,2079.1,2
15703,66.0,211.5,55.74,704.53,2859.3,1
15763,271.0,1086.92,874.37,323.6,2011.3,2
15766,170.0,315.06,102.44,562.67,2718.36,1
15780,220.0,475.28,268.9,399.3,2553.9,1
15861,2528.0,3146.92,3785.82,3135.3,1149.96,3
16011,2035.0,3352.96,3667.06,3003.0,862.47,3
16059,641.0,1453.16,1333.49,674.63,1498.97,2
16119,240.0,423.36,231.28,434.22,2589.81,1
16173,575.0,1418.32,1276.5,623.76,1564.81,2
16179,99.0,215.83,23.12,683.91,2839.48,1
16313,165.0,274.15,66.19,601.22,2756.75,1
16360,2110.0,3450.41,3789.35,3125.43,985.22,3
16363,52.0,109.36,134.71,799.77,2955.44,1
16447,221.0,255.91,105.51,594.88,2746.99,1
16455,988.0,1841.18,1833.94,1168.86,986.91,3
16587,71.0,225.15,48.91,690.31,2844.95,1
16597,184.0,90.04,150.04,763.26,2911.91,1
16693,203.0,477.86,265.49,406.72,2560.0,1
16735,1532.0,2247.41,2466.03,1806.51,461.47,3
16836,165.0,251.87,52.14,621.15,2776.41,1
16943,145.0,816.73,591.56,293.14,2304.23,2
16950,644.0,1178.56,1087.48,422.39,1733.34,2
16953,10.0,20.8,232.52,897.62,3053.31,1
16982,182.0,384.06,170.09,496.79,2652.09,1
17034,410.0,745.52,595.28,70.12,2225.56,2
17050,1595.0,3185.64,3307.13,2642.58,498.22,3
17088,868.0,1991.01,1917.28,1257.04,931.18,3
17320,634.0,1200.62,1102.16,437.21,1718.78,2
17520,365.0,546.81,403.96,272.93,2422.43,2
17555,348.0,480.31,341.84,341.56,2489.43,2
17734,422.0,700.63,562.86,110.32,2259.59,2
17912,184.0,310.06,105.94,560.59,2716.12,1
17961,560.0,1296.44,1157.65,501.71,1674.49,2
17969,152.0,228.2,32.19,648.12,2803.41,1
18204,1190.0,1975.35,2050.94,1387.07,779.63,3
18220,288.0,305.28,185.98,526.34,2672.87,1
18282,103.0,178.05,50.56,715.08,2870.75,1
