CustomerID,TotalQuantity,TotalSpending
12391,293,439.66
12444,1153,5005.46
12483,1110,2484.98
12502,820,3723.87
12531,45,125.22
12558,196,269.96
12580,238,415.7
12616,284,713.3
12638,577,671.69
12657,1044,1643.18
12759,902,1531.44
12775,877,1386.04
12793,295,545.48
12866,171,559.12
12933,499,607.53
12942,198,675.6
12970,268,405.47
13023,286,689.9
13140,185,422.47
13145,145,618.52
13243,232,585.12
13299,30,142.5
13339,326,860.12
13348,136,233.76
13452,2,590.0
13455,354,1058.34
13544,112,276.06
13551,12,91.8
13571,1757,2088.94
13649,139,346.6
13658,1019,2639.17
13700,2281,2248.63
13873,140,389.6
14040,1544,3560.32
14083,705,1002.9
14124,1618,419.58
14142,313,311.81
14219,78,89.94
14240,418,890.34
14438,82,131.9
14540,411,952.66
14621,993,1788.36
14633,96,344.9
14720,219,663.81
14859,671,1353.74
14891,505,554.38
14904,1985,1025.44
14946,22,100.9
15027,565,1066.15
15104,635,993.54
15107,169,319.5
15109,131,484.95
15211,240,894.41
15237,1071,1412.32
15269,26,408.8
15287,433,486.69
15315,862,570.5
15408,106,267.18
15447,85,155.17
15467,310,524.88
15511,269,900.53
15606,892,2920.16
15658,242,1024.1
15703,66,211.5
15763,271,1086.92
15766,170,315.06
15780,220,475.28
15861,2528,3146.92
16011,2035,3352.96
16059,641,1453.16
16119,240,423.36
16173,575,1418.32
16179,99,215.83
16313,165,274.15
16360,2110,3450.41
16363,52,109.36
16447,221,255.91
16455,988,1841.18
16587,71,225.15
16597,184,90.04
16693,203,477.86
16735,1532,2247.41
16836,165,251.87
16943,145,816.73
16950,644,1178.56
16953,10,20.8
16982,182,384.06
17034,410,745.52
17050,1595,3185.64
17088,868,1991.01
17320,634,1200.62
17520,365,546.81
17555,348,480.31
17734,422,700.63
17912,184,310.06
17961,560,1296.44
17969,152,228.2
18204,1190,1975.35
18220,288,305.28
18282,103,178.05
